Edge Density,Fractal Dimension,GLCM Contrast,LBP Uniformity,Label
-0.296576691320803,-0.24920296606607026,-0.07868011152039825,0.8402975940968186,0
-0.31428228608182385,1.3009087232161598,-0.2691975504413942,-0.6783284451936181,0
-0.3277030745018115,-0.24920296606607026,-0.3440021465964945,-0.7581536901802535,0
-0.29323866798713843,-0.24920296606607026,-0.08177925107389455,-0.5477281889055108,0
-0.33953159033326097,-0.24920296606607026,-0.34981027494827555,-0.7284300037754448,0
-0.2733120421115775,-0.24920296606607026,-0.23137143967240184,-0.6387434641577469,0
-0.31928301283468385,-0.2516326082122807,-0.3621589947627025,0.7412054975824183,0
-0.31494966566597793,-0.2516326082122807,-0.3326011244076302,-0.6720639189923705,0
-0.3016072642648593,-0.24920296606607026,-0.339561520612008,-0.13760373852109178,0
-0.3310550775407605,-0.24920296606607026,-0.30174615613899963,-0.2070682238246147,0
-0.34044979265920233,-0.24920296606607026,-0.36088961868844965,-0.5071932360676272,0
-0.3339777500943167,-0.24920296606607026,-0.3262535703961915,-0.4361148740711189,0
-0.34191170589894465,-0.2516326082122807,-0.3258849452278825,-0.29481309956971746,0
-0.34191170589894465,-0.2054694074342832,-0.3557185309753772,-0.5486899318881023,0
-0.06921920690262037,1.3324940711168949,-0.18466219409437368,-0.7497246754080847,0
-0.3147863625834135,-0.1447283537790234,-0.3209503307048607,-0.42078082462200816,0
-0.24130523519128783,-0.24920296606607026,0.0782409763019511,-0.7488461096350499,0
-0.24912287670597139,-0.11557264802449871,-0.20573684703492853,0.26175928985136526,0
0.9881021025726892,3.672239457917503,0.28100749924732066,-0.7697604091515531,0
-0.2805852306990612,-0.24920296606607026,-0.002256530095269336,-0.7583403339989787,0
-0.24130523519128783,-0.24920296606607026,0.0800520736382267,-0.7604465996316365,0
-0.34191170589894465,-0.24920296606607026,-0.38149893069038904,0.34203182259819065,0
-0.30646397684164783,-0.24920296606607026,-0.22866400012389718,-0.27003509782002144,0
-0.2881036400584618,-0.24920296606607026,-0.18031245753614294,-0.22525468036459204,0
0.24185423524424932,-0.24677332391985987,0.25185871071705074,-0.572832588800845,0
0.07108138005489101,6.522209695422292,0.10173036392053914,-0.600534947883796,0
-0.12330999176872734,-0.24920296606607026,0.48559981184134066,0.06212947070894916,0
2.8372167664107213,-0.24920296606607026,1.3248939625784812,-0.8701948251579676,0
0.15436009405217083,-0.24920296606607026,0.004587400713142584,-0.6441333560150334,0
-0.34191170589894465,-0.2516326082122807,-0.38193996988218476,0.7847408436198396,0
-0.30178882849600214,-0.1811729859721793,-0.21976391480635224,-0.5570130325192345,0
-0.19470516439711483,-0.24434368177364948,-0.3235210558794721,-0.6355147297830934,0
-0.18018359472401543,-0.2078990495804936,-0.23576033029053145,-0.6639207797029116,0
-0.34191170589894465,-0.2516326082122807,-0.3770159994260446,-0.28832370228895154,0
-0.34191170589894465,-0.24920296606607026,-0.3736334702741171,0.47290396228148207,0
-0.34191170589894465,-0.24434368177364948,-0.32278726717292366,-0.6574105680614886,0
-0.273282223050087,-0.24920296606607026,0.08382228312251068,-0.6182650971502791,0
5.180886713873846,-0.2127583338729144,7.2924608166213325,-0.7834718986805848,0
0.7491485428793235,-0.24920296606607026,0.1503456390890297,-0.8061743849661969,0
5.384016553941129,-0.0062387514450310665,7.4346701756739355,-0.8289125610554481,0
-0.2567144824408788,-0.2516326082122807,-0.3170253114457085,0.9012398821976761,0
0.43115120964287684,0.780965303927136,0.24607813482784435,-0.7982041590608713,0
-0.2573462458872552,-0.24920296606607026,-0.08224260812659664,-0.1109798130723423,0
0.2592847577135705,-0.24920296606607026,0.008037423053212884,-0.7682318410072719,0
-0.20571259104046938,-0.2516326082122807,-0.17584732973615672,-0.6298454025087381,0
-0.3389689462472404,-0.24920296606607026,-0.3701268047807137,-0.41936109168721536,0
-0.035822729046868326,-0.24434368177364948,0.1849982828217994,-0.5541652411540844,0
1.298933322840882,-0.24920296606607026,0.6260883806989341,-0.8113085643020136,0
-0.34191170589894465,-0.24920296606607026,-0.359175532853747,-0.7391510594831646,0
-0.34191170589894465,-0.24920296606607026,-0.36386000481363806,-0.2943310864493034,0
-0.2934715533359988,-0.24920296606607026,-0.027677645932710607,-0.6304048483757614,0
-0.34191170589894465,-0.24920296606607026,-0.35136785193495307,-0.5921861655860239,0
4.543013743345439,-0.24920296606607026,2.2640548234253197,-0.769518244498308,0
4.431849803489448,-0.23219547104259752,2.671802706721942,-0.7256217709636346,0
-0.31266323221275943,-0.24920296606607026,-0.29358227864755926,-0.3128903362405216,0
-0.2973185945820723,2.4088255418880986,-0.360738416180222,-0.6057439446516152,0
-0.3191700739120394,-0.2516326082122807,-0.3677922936866313,-0.34355704072590076,0
-0.25300743366520984,-0.24920296606607026,-0.09676358801648514,-0.19537333344276053,0
-0.34191170589894465,-0.24920296606607026,-0.3771313569602332,-0.32888039586449175,0
-0.1925934764193059,-0.24920296606607026,-0.21919935989617897,-0.808339084026389,0
-0.27020704776591215,-0.16659513309491694,-0.33838280102563595,-0.13832678428638345,0
0.643603551424529,-0.13258014304797144,0.2548427555834115,-0.7997939214545718,0
-0.19070498663891292,-0.24920296606607026,-0.03664040005363207,-0.734206226241218,0
-0.32742828027196225,-0.13015050090176106,-0.3329310130965786,0.43908368108658913,0
-0.2084862023249457,-0.2516326082122807,-0.005672197678275963,-0.3465174421850998,0
-0.30117862341429597,-0.24920296606607026,-0.13624739352330137,-0.23824766331000674,0
3.887130972505167,2.9457764562005955,1.94813035728316,-0.6437015816559388,0
3.448057025458758,-0.24920296606607026,1.7065075999329296,-0.87101267426317,0
-0.34191170589894465,-0.24920296606607026,-0.3828419453131853,1.1784455772822866,0
3.12123389912318,-0.22490654460396634,3.6015391039806084,-0.8655579569700723,0
-0.33359959027562763,-0.24920296606607026,-0.35583366731599375,-0.7164362955213077,0
-0.34191170589894465,-0.01109803573745185,-0.376390783590809,-0.505323498090856,0
-0.2939761382585295,-0.20303976528807283,-0.16700319543778996,1.6595450353961538,0
-0.29230712659169716,-0.24920296606607026,-0.05285739967773349,-0.6375920541510646,0
-0.34191170589894465,-0.24920296606607026,-0.37618886378750904,-0.21948465457327265,0
-0.3338957530507778,-0.24920296606607026,-0.3655002082218177,-0.6392110443961302,0
-0.33491096836390816,-0.24920296606607026,-0.3542985232870944,-0.7371445632333193,0
-0.34191170589894465,-0.24920296606607026,-0.3595524734410743,-0.6696702508266018,0
1.4529356777675164,-0.24920296606607026,0.7113045998093048,-0.8319468647929655,0
-0.004909116175082036,-0.24920296606607026,-0.03194990147980281,-0.6718809351887289,0
-0.32702860566056896,-0.22247690245775595,-0.31094495992163446,-0.047920865579343545,0
-0.34191170589894465,-0.24920296606607026,-0.333311449785582,-0.6322388527575197,0
-0.33993725154199017,-0.24920296606607026,-0.3627039663388301,-0.7036802098416476,0
-0.3254660892962079,-0.24677332391985987,-0.28532510286947826,-0.7891333281252594,0
-0.31825351172900773,1.228019458829848,-0.27807184656493045,-0.6439905700662469,0
-0.2957612123061571,-0.24920296606607026,-0.24578587671171795,-0.7400926395574371,0
-0.30834213343309513,0.3825039919486317,-0.3552742146967584,-0.6054527355066979,0
-0.3398616341410855,-0.22976582889638714,-0.3575855307257542,-0.6625661619181011,0
0.09684025870715861,-0.24920296606607026,1.3165087120366068,-0.46694863668485437,0
-0.308411847101727,-0.24920296606607026,-0.10269505528102808,-0.7328770648842414,0
-0.34191170589894465,-0.24920296606607026,-0.37598902084630226,-0.019013371114792923,0
-0.30844356248202587,-0.24677332391985987,-0.2739094683984244,-0.4526279944701506,0
1.224297427521687,-0.24920296606607026,2.3210621940170415,-0.7464367503635063,0
-0.33752613900993994,-0.24920296606607026,-0.3568454426902306,-0.503906646478992,0
-0.34191170589894465,-0.22490654460396634,-0.3277894584490869,-0.5444509403627064,0
-0.34191170589894465,-0.24920296606607026,-0.33779515876190314,-0.02973565382960683,0
-0.3202150779363204,-0.2151879760191248,-0.35735098554857186,-0.5306108473196722,0
-0.3411079898844763,-0.2516326082122807,-0.37276364432489056,-0.4832095712075042,0
-0.2950584025341876,-0.24920296606607026,-0.014926781607443715,-0.7067343157618327,0
-0.31018189254161743,-0.24920296606607026,-0.23337949044213852,0.3057387089428457,0
-0.30980138845072347,2.3820994782797844,-0.2634927367324283,-0.4948856049427609,0
2.8210953267647305,-0.24920296606607026,1.3090369489763782,-0.86904293513995,0
4.660465587620658,-0.24434368177364948,3.0708361034595537,-0.7416167882497787,0
-0.26712128561978915,-0.24920296606607026,-0.11304803842694441,-0.3331573616358928,0
1.4497897311510939,-0.2419140396274391,0.511995751794328,-0.7484296249861853,0
3.2922641630662977,-0.24920296606607026,1.6586385549781562,-0.815744218713201,0
-0.34191170589894465,-0.24920296606607026,-0.3780505337133358,0.06756140316292167,0
0.016221301067854906,-0.24920296606607026,-0.033041303853704455,-0.6871420348820626,0
1.4910900607557984,-0.24920296606607026,0.6258903415771755,-0.8229025691407885,0
-0.33859848498615397,-0.10342443729344675,-0.36806132594060487,-0.6837124054768006,0
-0.32732367025461917,-0.052401952223028514,-0.36053231577973915,-0.6536144030597659,0
-0.34191170589894465,-0.24920296606607026,-0.37558749482571746,-0.22273654354098604,0
-0.33409015566312167,-0.0888465844161844,-0.34037659876361154,-0.26705223885327917,0
-0.34191170589894465,-0.24920296606607026,-0.3763802227094218,0.4406299769293373,0
-0.34191170589894465,-0.24920296606607026,-0.3664419572415124,-0.5918794106311221,0
-0.06074264654209203,-0.24920296606607026,-0.12311299100395207,-0.6908312526141452,0
-0.34191170589894465,-0.24920296606607026,-0.38421397485412623,2.041344133594822,0
-0.233627075810681,0.12496192445033011,-0.0843647230578053,-0.7036515877425616,0
-0.34191170589894465,-0.24920296606607026,-0.3441043412773966,-0.6103811811265413,0
-0.34191170589894465,-0.22733618675017675,-0.3683002516686178,-0.7158288676914214,0
-0.33186526683962236,-0.24920296606607026,-0.32137155819499125,-0.33317137697566734,0
-0.3307872182339567,-0.2516326082122807,-0.36117574707737743,-0.15392732454392316,0
-0.32749732227794087,-0.24920296606607026,-0.35274515394727646,-0.7210945839587688,0
-0.320846915564191,-0.24677332391985987,-0.32202791980072215,-0.7021617127175285,0
0.8133160671226566,-0.24920296606607026,0.4886775578457717,-0.8358246988176927,0
-0.2226355930576524,-0.24920296606607026,0.06896531830361405,-0.7386376284010476,0
-0.3268672726549213,-0.24920296606607026,-0.34789082222599876,-0.6449662568580333,0
4.225823898197687,1.3495015661403675,2.7784928794412562,-0.8328909261652172,0
-0.03272685536263607,2.114838842196641,-0.08729898609928799,-0.7020095337475204,0
-0.34191170589894465,-0.24920296606607026,-0.35393291908607594,-0.4482300520927923,0
2.821336628910029,-0.24920296606607026,1.3259869565400977,-0.8697524986327789,0
-0.27630216643395444,-0.24920296606607026,-0.17057080307238714,-0.792724465809781,0
-0.3346843269065527,-0.2516326082122807,-0.34901214029132954,-0.29483151981858263,0
-0.31530446635338666,-0.24920296606607026,-0.26514770287700784,-0.23100313735469774,0
-0.339331429280554,-0.18360262811838968,-0.3531591989509372,-0.797613824850553,0
-0.2810569442445997,-0.24920296606607026,-0.34065168875468294,-0.637635994774546,0
0.08556119375927367,1.9350453233770721,-0.023519574542227254,-0.7870072305793383,0
-0.31306397236269895,0.1832733359593795,-0.24991594811780393,-0.7037206719018153,0
-0.3400114493391103,-0.24920296606607026,-0.3727078999027614,-0.42104277225768383,0
-0.34191170589894465,-0.24920296606607026,-0.37542154112901027,-0.11183098429560266,0
-0.3332592837887274,-0.2516326082122807,-0.35975312241927615,-0.018298716785311524,0
-0.34191170589894465,-0.24920296606607026,-0.37041310927909366,-0.5711836596163212,0
-0.28055460541018884,-0.2516326082122807,-0.3600275362210511,0.2951456419283697,0
-0.3030683851486012,-0.24920296606607026,-0.3491535443892027,-0.532006811620882,0
-0.28553473255781836,-0.24920296606607026,-0.33430525201445166,-0.6569674183835097,0
-0.34191170589894465,-0.24920296606607026,-0.35546040586366334,0.2997260769594896,0
-0.34191170589894465,-0.2516326082122807,-0.35605845566082966,-0.31065216485612596,0
-0.26235711833268605,-0.24920296606607026,-0.20761334550929494,-0.38411780816831675,0
-0.2893184312813231,-0.24920296606607026,-0.11645913509426839,-0.5457143472107387,0
5.403484362869293,-0.02081660432229342,8.658068741865527,-0.8607744888723201,0
-0.30067667448107716,-0.24920296606607026,-0.21582450134338463,0.1943787550967824,0
4.147263907182141,5.654827449225182,2.5033472155111958,-0.6684773648432372,0
-0.3192356523585395,-0.24920296606607026,-0.22283833000555528,-0.47966900911645505,0
0.9673079146533061,0.23672546317600815,0.5568356904889417,-0.8718432360432956,0
-0.11705688630967331,-0.24920296606607026,-0.27731846459887943,-0.7610504937109731,0
-0.2611929446730806,-0.24920296606607026,-0.15303176704705748,-0.8128900861212848,0
-0.2209747528065696,-0.24920296606607026,-0.24765592479761084,-0.6114091867153487,0
-0.3040613983306202,-0.24920296606607026,-0.2491824625839253,-0.07645454077825438,0
-0.34191170589894465,-0.24920296606607026,-0.3744650508366719,-0.25188185996999024,0
0.8785627790283554,7.25353198143162,0.47083005795435867,-0.8474611898767614,0
-0.34191170589894465,-0.24920296606607026,-0.36332136229332385,-0.4811463661527279,0
1.0525452733756293,-0.24920296606607026,0.6054923237600538,-0.8676340898896284,0
0.028090439794793132,-0.24920296606607026,-0.027795638149438594,-0.6878520153294891,0
-0.34191170589894465,-0.24920296606607026,-0.36942457874571794,-0.6835885608152615,0
3.236830392905759,-0.2346251131888079,2.773756913399973,-0.8531319602002715,0
0.27192297648950536,-0.20303976528807283,0.20041420667412105,-0.7832461415876355,0
-0.28553473255781836,-0.2516326082122807,-0.31776178265820415,-0.29280157214351565,0
-0.31327283927217886,-0.24920296606607026,-0.3604103821322004,-0.15741279274399828,0
2.6762047868811405,-0.24677332391985987,1.147574066696683,-0.8325868201094954,0
1.1485545268070825,-0.24920296606607026,3.957973980483307,-0.8090059468827375,0
-0.23624671615879436,-0.24920296606607026,-0.17671536389126843,-0.5609089960600311,0
2.2474284601294126,8.133062438359783,0.8952523611384424,-0.8637995433286577,0
-0.1667887189947374,-0.24920296606607026,-0.03146671035423867,-0.8616804486331361,0
-0.34191170589894465,-0.24920296606607026,-0.3783658209848172,-0.3304198965445926,0
-0.3278911021591118,-0.2151879760191248,-0.34626660200817494,-0.7256403579493669,0
-0.33862149346471504,-0.24920296606607026,-0.3720672186618582,-0.33875052063519623,0
3.0780872705644264,-0.05969087866165969,1.2407811103308746,-0.8389286538001601,0
4.958015435014524,11.187122616146246,4.52448615644722,-0.859838958300405,0
-0.20845949794035673,-0.24920296606607026,-0.3129375734066441,-0.7294752141027597,0
-0.34191170589894465,-0.24920296606607026,-0.3751740299653698,-0.5381670545012187,0
-0.34191170589894465,-0.2516326082122807,-0.3628123367987851,-0.3618264980887084,0
-0.34191170589894465,-0.24920296606607026,-0.3693959436637973,-0.5869172955965869,0
-0.3060913190191568,-0.24920296606607026,-0.1881562572631993,-0.6154202183820471,0
-0.34191170589894465,-0.24920296606607026,-0.3538617321610295,-0.5926078965538135,0
-0.3188909250041837,-0.0013794671526102824,-0.27972277604329804,-0.5100681205828695,0
-0.19363982886802428,-0.24677332391985987,-0.060736460841595355,-0.5199137535398412,0
0.7491608677899563,-0.24920296606607026,0.24447050761469727,-0.8429952405147157,0
-0.3175057347948018,-0.24920296606607026,-0.24651030291455248,-0.46472567345322136,0
-0.3198569802993839,-0.2516326082122807,-0.3226405339937282,-0.41466047713438725,0
-0.34191170589894465,-0.24920296606607026,-0.26265079810527303,-0.7336339840219087,0
-0.2927019256763307,0.35334828619410696,-0.34889328979400275,-0.24504499700186402,0
-0.34191170589894465,2.0249420827868567,-0.372459780125207,-0.634407755972592,0
0.19927503062762136,-0.24920296606607026,0.2585689746502714,-0.6219246128947172,0
-0.34191170589894465,-0.2419140396274391,-0.34511605878497253,-0.43514736938446763,0
-0.27547246039649564,-0.24920296606607026,-0.19972477816545356,-0.373630929473041,0
-0.34191170589894465,-0.2516326082122807,-0.3733832407505579,0.028855988850002803,0
1.891220757934065,5.51633784689119,0.64395239819129,-0.8420114953897526,0
-0.008006235809207613,-0.24920296606607026,-0.03169001418501864,-0.6861596118298392,0
-0.31654206789543776,-0.24920296606607026,-0.1926302010165726,-0.14535996481384206,0
-0.284078510931966,-0.24920296606607026,0.05950997030948146,-0.669349449983614,0
1.7280026816219591,2.083253494295906,0.43682384344662445,-0.755318430588854,0
-0.34191170589894465,-0.24434368177364948,-0.36996933800404314,-0.676604541605402,0
-0.31279703900035755,-0.24920296606607026,-0.22898129704407,-0.29833633025669254,0
-0.34191170589894465,-0.24920296606607026,-0.3725114299482191,0.020373366240899315,0
-0.27573345259780463,-0.24920296606607026,0.009719525947735775,-0.7804314567237182,0
-0.34118322777934246,-0.24920296606607026,-0.36156316691352874,-0.6453216646129816,0
-0.34191170589894465,-0.24920296606607026,-0.38221067452361857,1.051928472521092,0
-0.28587844668597806,-0.2516326082122807,-0.3075718278898686,-0.4640483703679882,0
0.04444508786032081,-0.22976582889638714,0.11678623148433433,-0.6554766425833451,0
-0.34191170589894465,-0.22976582889638714,-0.3720830721036887,-0.6452752151874513,0
-0.29668164017052195,-0.24920296606607026,-0.11210546282134214,-0.7009768637098385,0
-0.2791081000119326,-0.24920296606607026,-0.016109005505156482,-0.7087687407408939,0
4.1082167970232275,-0.24920296606607026,2.0905918693253227,-0.7714414791610522,0
-0.34085855894066447,-0.2516326082122807,-0.37244623233279833,-0.5373498702832752,0
-0.3262264817076477,-0.2516326082122807,-0.29925010476042146,-0.7988768434103533,0
-0.3335854614279902,-0.1520172802176546,-0.34852124777012805,-0.407450478379539,0
-0.25592576724522875,0.19299190454422108,-0.2967231219761094,-0.6841919725628369,0
0.08865448991897092,-0.24920296606607026,0.34570640487777216,-0.5819344615618112,0
1.9142815538598041,-0.24920296606607026,0.8125738129999042,-0.8299505563869696,0
-0.29797145821889537,-0.24920296606607026,-0.10578832016402295,1.0497225684160212,0
-0.25150081449737466,-0.2516326082122807,-0.2771034312207951,-0.4602989268942794,0
-0.2746243529276378,-0.22004726031154556,-0.32858406032114473,-0.6979947542189362,0
0.3874369595676601,-0.2516326082122807,0.048604877532981976,-0.7884549637706573,0
0.15549832679111414,1.9690603134240174,-0.02485888396701268,-0.7709231796059745,0
-0.30727908239153956,-0.24920296606607026,-0.33538512083459304,-0.7482930255260933,0
-0.32892930666740344,-0.24920296606607026,-0.3492623338728374,-0.7379763808638522,0
0.1236261064728285,-0.24920296606607026,0.4255254118901685,-0.8194552454554522,0
-0.30639012740611177,-0.24920296606607026,-0.20741696974405396,-0.40638423323189543,0
-0.27805078588269705,-0.24920296606607026,-0.17459098028090386,-0.5435005017502343,0
-0.254903112748207,-0.2516326082122807,-0.3184614884218033,-0.3273498984891218,0
-0.317753049929259,-0.24920296606607026,-0.2531850916147641,-0.7310517797461633,0
-0.3055074571351293,-0.2346251131888079,-0.26764323582805793,-0.7839696016083553,0
-0.32442241483592105,-0.2516326082122807,-0.3525654454763077,-0.4012715985064873,0
-0.34191170589894465,-0.24920296606607026,-0.36830646658433863,-0.5288896481523129,0
-0.34191170589894465,-0.2516326082122807,-0.3797232901865819,-0.382081462850884,0
-0.18323295648679994,-0.24920296606607026,-0.27444116657869466,-0.7194014516056435,0
0.2619840952836698,3.7645658594734974,-0.01580306152622643,-0.6510178623482377,0
-0.22467481300732647,-0.24920296606607026,0.11353949798765817,-0.6043610931427699,0
-0.3028070004387005,-0.24920296606607026,-0.12328121266528862,-0.3419236191843126,0
-0.34191170589894465,-0.24920296606607026,-0.3534680768434964,-0.5793840882230643,0
-0.34191170589894465,-0.24920296606607026,-0.36858479867768357,-0.05609180305839568,0
-0.1256082163452355,-0.23219547104259752,-0.2756554974651108,-0.740787540836312,0
-0.33578307777117006,-0.24920296606607026,-0.3650752763734125,-0.6644347862995875,0
-0.2824094992651337,1.4952800949129912,-0.177911876563548,-0.652036355483961,0
-0.3258078839750516,-0.24920296606607026,-0.34238375222664547,-0.6866880780857011,0
-0.2266350170172971,-0.2516326082122807,-0.24778498281382857,-0.5581214642228262,0
-0.2871525846382598,-0.24920296606607026,-0.3447296584731206,-0.4827697311067381,0
0.4578316697484378,3.208177807991318,0.2505220164859612,-0.7703889056091703,0
-0.2901118958442434,-0.24920296606607026,-0.33468531807701185,-0.6914569276005573,0
-0.3389882677177625,-0.2516326082122807,-0.36626594374527816,-0.5981513971199806,0
-0.34191170589894465,-0.24920296606607026,-0.37038988314584237,0.2169343619106009,0
-0.2610687691725299,-0.24920296606607026,-0.3344921294132886,-0.6396005382015302,0
-0.34191170589894465,-0.24920296606607026,-0.37546672548071663,-0.37835528145932806,0
-0.29126117925026407,-0.2516326082122807,-0.24219013959994656,-0.5532218471877014,0
-0.31741016146779044,-0.13743942734039225,-0.3545339817405367,-0.02135649948405917,0
-0.299416232597473,-0.2516326082122807,-0.350709037017169,-0.5580263999036885,0
-0.010028794921912264,-0.24920296606607026,-0.03371285941492825,-0.6873163466665413,0
-0.2533156703194635,-0.24920296606607026,-0.2752295496401608,-0.5752774045905874,0
-0.33561520020988117,-0.02081660432229342,-0.3304498624708858,-0.7850584378383417,0
-0.2940925809329596,-0.24920296606607026,-0.17309862595635614,-0.7168124924370294,0
-0.29515198095130457,-0.24920296606607026,-0.33063779341510435,-0.3118159087826637,0
0.00858005958160259,-0.24920296606607026,-0.03358234538134722,-0.6856923524364861,0
-0.3406283424438108,-0.24920296606607026,-0.37416209337147005,-0.4437037067458618,0
-0.34191170589894465,-0.2516326082122807,-0.3795506296388023,0.43505455757236905,0
-0.31213668724457805,-0.24920296606607026,-0.28843386332883714,0.4559159830906692,0
-0.34191170589894465,-0.24920296606607026,-0.3677207750602136,-0.14774017951799046,0
-0.3182648858608202,-0.24920296606607026,-0.28746038524642764,-0.500141204421908,0
3.505598481609371,-0.24920296606607026,3.798551391892805,-0.8213634894785642,0
2.803775748100829,0.07393943937991188,1.2839822163598866,-0.8052411191293589,0
-0.34191170589894465,-0.24920296606607026,-0.1611134161093264,-0.7459867973235947,0
2.294466885874271,-0.24920296606607026,0.9970817821264261,-0.8309703668809297,0
-0.2783728198848882,-0.24920296606607026,0.0685807920185721,-0.57960512696409,0
-0.28543700880031786,-0.24920296606607026,0.03317812668509658,-0.5794389971804098,0
-0.32324779830314915,0.7445206717339801,-0.3084423506225078,-0.6258949721265106,0
-0.3338647010792382,-0.24920296606607026,-0.3704865354887717,0.4414239164844233,0
5.503016686810003,-0.14229871163281302,7.970383549799143,-0.8502268257773772,0
-0.2671429288102991,-0.24920296606607026,-0.11074596414198459,-0.6419500103675868,0
-0.3367605239345847,-0.22976582889638714,-0.36836932913294934,-0.5780094420807206,0
5.150464148802664,-0.11071336373207792,5.453942087474193,-0.8073034514963463,0
-0.2840996823273169,-0.24920296606607026,-0.3630756640689427,0.691289140247977,0
-0.34191170589894465,-0.24920296606607026,-0.3618911874464446,-0.6993862817409912,0
-0.2323905828881159,-0.013527677883662242,-0.18590055031516375,-0.7002441176481147,0
-0.33680069629237436,-0.003809109298820674,-0.36226936380701275,-0.6824990749467801,0
0.5044712803090665,-0.24677332391985987,0.37182193537775954,-0.5901961805941001,0
-0.34191170589894465,-0.23219547104259752,-0.22528531686147818,-0.6827840384477551,0
-0.34191170589894465,-0.24920296606607026,-0.3741865300028398,0.4717970330229787,0
-0.25760250485698755,-0.24920296606607026,-0.1996051553508414,-0.5749887643524352,0
-0.3212931716036483,-0.24920296606607026,-0.24808796142425962,-0.3395879927992318,0
-0.3229527195646424,-0.2516326082122807,-0.33991289295372135,-0.6953277931237372,0
-0.34191170589894465,-0.2516326082122807,-0.3770632879733283,-0.21976060290946264,0
-0.34191170589894465,-0.24920296606607026,-0.339934576077494,-0.49609784465649964,0
-0.3407198692392767,-0.24920296606607026,-0.3685980497978381,-0.7389920461097627,0
-0.34003427838849004,-0.24920296606607026,-0.3708092302259406,-0.6360515472850239,0
-0.32517813497514203,-0.24920296606607026,-0.34561142353450575,-0.7040103978686963,0
-0.0046781815624998965,-0.24920296606607026,-0.03261966046437311,-0.6870889887832431,0
1.5301370142441335,3.8690404717605444,0.44608153349419055,-0.8327928460090195,0
-0.297014905599178,-0.24920296606607026,0.0003523245369170523,-0.25046676720712513,0
-0.3171452563687994,-0.24920296606607026,-0.19400585769209017,-0.8306469383671362,0
-0.34191170589894465,-0.24920296606607026,-0.38016496261155147,0.6246717510829012,0
-0.19885683962077638,-0.24920296606607026,0.378720108505664,-0.08928789208023892,0
-0.14102277888204534,-0.24920296606607026,-0.0890279478030054,1.1141414156442995,0
-0.26289686943769913,-0.2516326082122807,-0.23340192640010762,-0.6815305586678592,0
-0.24719285247126185,-0.24920296606607026,0.31549359562543483,-0.7415822119970121,0
-0.291728103878937,-0.2516326082122807,-0.32190421181763607,-0.337877227830716,0
-0.34191170589894465,-0.2516326082122807,-0.37296474227627957,-0.21408084435230643,0
-0.1500355931827664,-0.24920296606607026,-0.16665623856725714,-0.7703989568777565,0
-0.3133502226013104,-0.24920296606607026,-0.32680962605674024,-0.8106666052844259,0
-0.2733704208015993,-0.24920296606607026,-0.2080307860698023,-0.1740500277445248,0
-0.34191170589894465,-0.24920296606607026,-0.3226127662152111,-0.678132290592429,0
-0.34191170589894465,-0.24920296606607026,-0.3511448026276077,-0.6372437072594349,0
-0.33780997564037973,-0.24920296606607026,-0.35851323454323597,-0.6536228096300425,0
0.3159492519850949,-0.24920296606607026,2.2791305155801647,-0.7603457981673968,0
-0.34191170589894465,-0.24920296606607026,-0.360272117998611,-0.42537603510778776,0
-0.34191170589894465,-0.2516326082122807,-0.38147935118240717,0.6367621499815324,0
-0.3192691902864811,-0.2516326082122807,-0.324700453157517,-0.6680886774090388,0
-0.34191170589894465,-0.24920296606607026,-0.3693140786711224,-0.4989193685945647,0
-0.3116516456188953,-0.24920296606607026,-0.23608958336163224,-0.5520419739344563,0
-0.34191170589894465,-0.22976582889638714,-0.36380312070924736,-0.5590573065953255,0
-0.3350833016208766,-0.24920296606607026,-0.33677564880402727,-0.18660072080077883,0
0.25237289016777364,-0.24920296606607026,0.38753579809015587,-0.6406132643213944,0
-0.33249402534007805,-0.24920296606607026,-0.35981305809910125,-0.6804322341255269,0
-0.25166965571885985,0.7882542303657671,-0.26193130858073577,-0.7455299726641719,0
-0.34191170589894465,-0.2516326082122807,-0.3779739358443006,-0.3279100031422199,0
-0.2984361988232747,-0.24920296606607026,-0.09417436126645497,-0.6741730770210586,0
-0.34191170589894465,-0.24920296606607026,-0.3619042012254286,0.13184866704002546,0
-0.3005688598886701,0.5720160793530422,-0.2788832378036075,-0.7731715961038503,0
-0.2155468621639254,-0.018386962176083026,-0.0738213306809067,-0.8278216994496479,0
-0.34191170589894465,-0.2516326082122807,-0.3701197287738859,0.028698611019359874,0
-0.3342440646301433,-0.24920296606607026,-0.3493431718677647,-0.7404855917575738,0
-0.34191170589894465,-0.24677332391985987,-0.3674104120014754,-0.746302198297922,0
-0.34191170589894465,-0.2394843974812287,-0.3544535807714146,-0.6252561799749857,0
-0.2589704024599635,-0.24920296606607026,-0.3209762210973447,-0.7041778122652681,0
-0.34191170589894465,-0.2516326082122807,-0.3634570746506679,-0.34370358101048404,0
-0.3070024488580585,1.6750736137325601,-0.2573404018410669,-0.6790754311756161,0
-0.11365139365199882,-0.24920296606607026,-0.14933341708913545,0.34358883427762205,0
-0.2255994203798365,-0.2516326082122807,-0.178517327925062,-0.24089752987695237,0
0.06975196243647526,0.5428603735985176,0.1568976670330048,-0.6131554373738084,0
-0.182618127278488,-0.24677332391985987,0.0920573659528206,-0.5932282112420004,0
-0.34191170589894465,-0.24920296606607026,-0.37688683087129626,0.07082292637420333,0
-0.24467742287415467,-0.24920296606607026,0.05019590241220154,-0.0767787441285563,0
-0.31524121840155644,-0.2516326082122807,-0.3497883796483287,-0.011950471211405004,0
0.3978800257949834,-0.24920296606607026,0.17375074577223157,-0.7801025018852245,0
-0.34191170589894465,-0.24920296606607026,-0.35676868706330084,-0.1361851575167699,0
-0.314752098991857,-0.24920296606607026,-0.23842821406598064,-0.6005401275204753,0
-0.34191170589894465,-0.24920296606607026,-0.3714600088038978,0.7998444536568997,0
1.2979504781009759,-0.1471579959252338,0.39863006378824717,-0.8142691736467478,0
-0.33108897003197907,-0.19332119670323125,-0.3233264875294717,-0.7297996002951667,0
3.0800115201887586,-0.2151879760191248,4.14814798401484,-0.8665975309378542,0
-0.34191170589894465,-0.24434368177364948,-0.3716363980866206,-0.685995187074985,0
-0.23751523003795308,-0.2516326082122807,-0.17898669842827686,-0.3979522778997705,0
-0.2982960960977105,0.6619128387628268,-0.3648492506018014,-0.33705270209788807,0
4.927468640089011,3.242192798038263,5.571386230745185,-0.797234874374554,0
-0.10825007254242686,-0.24920296606607026,0.01769317242070104,-0.8106454687369171,0
-0.33954212524281424,-0.24920296606607026,-0.3624763342188849,-0.709965247396868,0
-0.008893136937955492,-0.24920296606607026,-0.03504604992226365,-0.6854179104810785,0
-0.010577883337649932,-0.24920296606607026,-0.034359653549239484,-0.680151902724378,0
-0.2593446082458647,-0.042683383638186946,-0.06735345670254697,-0.5127547245208088,0
-0.2914076812948538,-0.24920296606607026,-0.10470294892029038,-0.7322988022140202,0
5.270314687836208,4.180034666475475,5.794112834390157,-0.8517964492182635,0
-0.33840183604681695,-0.24920296606607026,-0.37000825256961173,-0.417823920626462,0
-0.3271097366599064,-0.24920296606607026,-0.3528821836871726,-0.734786585050666,0
-0.3339706701610446,-0.24920296606607026,-0.3570015798615394,-0.6917459145028835,0
5.127646732178537,0.7396613874415593,5.2974942062467685,-0.873352546271879,0
2.446973870984585,-0.24920296606607026,1.0019655790486934,-0.8162417533147711,0
-0.3335617550154375,-0.24920296606607026,-0.3636019173701275,0.43544729678454214,0
5.469004704638869,1.8645857011369706,9.084588545333268,-0.8704499705570855,0
-0.33740538319990904,-0.24920296606607026,-0.36155856827173893,-0.45553820979407034,0
-0.23101953073275786,-0.24920296606607026,-0.19606347554296283,-0.49078136403886063,0
1.1075278911828568,3.242192798038263,0.48702375859785874,-0.8125233724903149,0
0.6742058854034274,-0.24920296606607026,0.420798451015079,-0.8437181139353398,0
-0.34191170589894465,-0.2516326082122807,-0.3668465873556711,0.5811635655719251,0
-0.17401869782796306,1.871874627575602,-0.1887625001722155,-0.5672128125808411,0
-0.2510830000879313,-0.24920296606607026,-0.21707995254891055,0.2942557237677299,0
-0.3385648024096881,-0.24920296606607026,-0.34515992696738557,-0.7627442013916976,0
-0.32678521917820524,-0.24920296606607026,-0.35481781950587266,-0.729986414257711,0
0.11837968928972366,0.2148586838601146,-0.10896952007747708,-0.7428831323145557,0
-0.33795454080480947,-0.24920296606607026,-0.36965419969279895,0.149795455636539,0
-0.34191170589894465,-0.22733618675017675,-0.37782710656956414,-0.26464169730220866,0
1.6361388188709656,-0.24920296606607026,0.776707311448961,-0.8314852032334121,0
-0.17448266575830093,-0.24920296606607026,-0.12747662078043953,1.4736626271379087,0
-0.3341431289139851,-0.12772085875555067,-0.3565955308444267,-0.15513912507583838,0
-0.3023917679105273,-0.24920296606607026,-0.3540731358333536,-0.4083775211764167,0
-0.2884137799914713,-0.24920296606607026,0.16479761534630674,-0.6348285622396684,0
-0.321732657930469,-0.24920296606607026,-0.33033668314101033,-0.7789084494680549,0
-0.2797701319780502,-0.24920296606607026,0.0252799417698846,-0.7758457205264726,0
-0.34191170589894465,-0.24920296606607026,-0.38070101196058836,-0.055749280859404636,0
-0.2925400119405575,-0.24920296606607026,-0.22714696433867868,-0.500536285493088,0
-0.34191170589894465,-0.24920296606607026,-0.3559750095466358,-0.5843657070306776,0
-0.15813426027792982,-0.24920296606607026,-0.10092234680049418,-0.5954750272940106,0
-0.34067467613842506,0.13953977732759246,-0.36838054915772445,-0.5185468821360202,0
0.9443596009285261,0.632757133008302,0.21782359733515896,-0.7345220977393832,0
-0.33875510880526954,-0.24920296606607026,-0.3452903231087178,-0.6830339095029763,0
-0.34191170589894465,-0.24920296606607026,-0.3789239499908488,0.20400787114391433,0
-0.2779765809060209,0.29260723253884713,-0.30789756161424153,-0.6929238200990586,0
-0.34191170589894465,-0.24920296606607026,-0.3566699154382971,-0.6359202551834222,0
-0.2675024190027574,-0.24920296606607026,-0.15525835376919825,-0.8140083117348288,0
-0.0031693802839384867,-0.24920296606607026,-0.2883632590976944,-0.38733008268381486,0
-0.34191170589894465,-0.24920296606607026,-0.36276733445186127,-0.21890512117349678,0
-0.34191170589894465,-0.24920296606607026,-0.35757862950354036,-0.06759900387947754,0
-0.3322612051116394,-0.24920296606607026,-0.35437990228860206,-0.7395836332350869,0
-0.34191170589894465,-0.24920296606607026,-0.35799723625675184,-0.40355050729041375,0
-0.12564243075357998,-0.24920296606607026,0.10371344444562693,-0.5107456811212163,0
0.0005339120218204289,-0.24920296606607026,-0.03760727611895951,-0.6844016225009855,0
-0.30308631152779547,-0.24920296606607026,-0.2049492222966529,-0.2994906283823569,0
-0.2555078663217837,-0.24920296606607026,-0.3436148293662522,0.15763691099228397,0
-0.22206937805450996,-0.24920296606607026,0.109158267580524,-0.37938647447060525,0
-0.2847160716419542,0.04235409147917677,-0.3456243932545719,-0.5196273407229139,0
-0.3137232192283815,-0.05969087866165969,-0.29001794200554204,-0.7889818624427952,0
-0.31599055402579634,-0.24920296606607026,-0.18701253828348577,-0.6942679381854364,0
0.552390276018696,-0.24920296606607026,0.19574499199888012,-0.836861695538384,0
2.667355143624448,-0.24434368177364948,2.266541678100139,-0.8212607300162271,0
4.224543028778956,4.678111306448605,2.9136838286242672,-0.6593354075701598,0
-0.27933946076209015,-0.2516326082122807,-0.33445883104002766,-0.6953437346712426,0
-0.25997487732492325,-0.24920296606607026,0.11827338272262598,-0.49879969349727465,0
-0.2880893141623381,-0.24920296606607026,-0.2725032126678529,0.6021663451092707,0
-0.25149226132578634,-0.24920296606607026,-0.26615627022291344,-0.7053942996140906,0
-0.34191170589894465,-0.24920296606607026,-0.37396097261784417,-0.297645908065462,0
-0.3260613675459731,-0.24920296606607026,-0.2828090481343602,-0.3176243869745291,0
-0.02646911696645213,-0.2516326082122807,0.17638891726652703,0.09973545332723723,0
2.8500918851768495,-0.24920296606607026,1.330098491996212,-0.8694497097383095,0
-0.21098952608141816,-0.24920296606607026,-0.2846273369100345,-0.5144364560289496,0
1.8088565963030003,4.21404965652242,0.6601642965392521,-0.7713661494637575,0
-0.34191170589894465,-0.2516326082122807,-0.3629108996009103,-0.2915882850889169,0
-0.2534942175180786,-0.24920296606607026,0.04426912069544682,-0.647210899715787,0
-0.32276262299406994,-0.24920296606607026,-0.24661803276151212,-0.578531627250493,0
0.1687611689837669,-0.24920296606607026,1.9199919053438264,-0.291158816407803,0
0.7770247669252572,-0.24920296606607026,0.47949012356871695,-0.6245266985171569,0
-0.34191170589894465,0.08122836581854305,-0.3761570753938384,-0.566524332720611,0
-0.34191170589894465,-0.24920296606607026,-0.3692054852642284,-0.16983184952770344,0
4.601341271665878,-0.086416942269974,3.3256244278048617,-0.7662002580796506,0
-0.34191170589894465,-0.24920296606607026,-0.3595964307018868,-0.7255298619234037,0
-0.26617758574126676,-0.24920296606607026,0.08889084260462721,-0.664124265941529,0
-0.24369612450539577,-0.24920296606607026,-0.2592318594892692,-0.6960964075251074,0
-0.29705991770007384,-0.11071336373207792,-0.23351649755328546,-0.5032970847395521,0
4.41905779284684,-0.12772085875555067,3.2332798941804715,-0.6906517568656709,0
2.0770295984883553,-0.24920296606607026,0.9425606834193753,-0.8244832776817959,0
0.01878888526087594,0.14682870376622364,0.13576065890652442,-0.5768079378021571,0
-0.3380895382148005,-0.24920296606607026,-0.36659501763217106,-0.6441335682816565,0
-0.34191170589894465,-0.24920296606607026,-0.3322216055798448,-0.6586177856287455,0
-0.2658004104336223,-0.24920296606607026,-0.13769184102536222,-0.7670508986979298,0
-0.34191170589894465,-0.2516326082122807,-0.37814185651192345,0.5257024988216,0
-0.22562653846801548,1.1138262779579597,-0.15618324025911484,-0.601702263973755,0
0.03536255925476847,-0.24920296606607026,0.25191818238588337,-0.6225374040823334,0
-0.34191170589894465,-0.24920296606607026,-0.29833657376526357,-0.7084873083459922,0
-0.33700695832712846,-0.24920296606607026,-0.3629022576881365,-0.7004333493595002,0
-0.3374339032845876,-0.24920296606607026,-0.3680005903303788,-0.6078457919438518,0
-0.34191170589894465,-0.24920296606607026,-0.36511386339559254,-0.7264825787638407,0
0.05185439892328748,-0.24920296606607026,-0.19750628219612393,-0.8272137813136726,0
-0.2966149505201427,-0.2516326082122807,-0.3144653896870069,-0.24898585458530567,0
-0.3323410019622932,-0.24920296606607026,-0.3300078771411016,-0.39069409326389115,0
-0.2963826201967527,-0.24920296606607026,-0.08672596606345473,2.4235235323767896,0
2.822371701976544,-0.24920296606607026,1.3137125485784926,-0.8690340948875561,0
0.10324087560258877,-0.24920296606607026,-0.11433081637196894,-0.6815274092846499,0
-0.3389057867304444,-0.24920296606607026,-0.3608261297665277,-0.4602182723689993,0
0.008418102171600996,-0.24920296606607026,-0.03337445609359536,-0.6816828459636006,0
-0.2510465151044905,-0.24920296606607026,-0.20024617043854695,-0.5678622731060081,0
-0.3110991828189643,-0.24920296606607026,-0.22882278105769496,-0.6840545330576356,0
-0.23791312373499438,-0.24920296606607026,-0.17702344774804837,-0.6669612022553516,0
-0.3113656020538388,-0.2516326082122807,-0.34832348214421105,-0.6463174160858313,0
-0.3260078068368571,-0.24920296606607026,-0.32355649229508804,-0.039732677135698426,0
-0.33732495029744897,-0.22733618675017675,-0.36497244001536333,-0.6791319554229549,0
1.4443965483093049,-0.24920296606607026,0.6880356270997408,-0.819362428175979,0
-0.29808824905680203,-0.24920296606607026,-0.15308657493372133,0.5424598959557165,0
-0.3260977405651937,-0.2516326082122807,-0.3469902983302067,0.05065964816132274,0
-0.34191170589894465,-0.24920296606607026,-0.38193063380325487,1.192958361950045,0
-0.24017118479683758,0.3582075704865278,-0.11986257739425331,-0.47393787747126603,0
-0.34191170589894465,-0.003809109298820674,-0.3786505566699895,-0.050505528723524644,0
2.663505860310483,6.371571882357248,2.039086209803225,-0.8422548468435721,0
4.444037470079804,-0.24920296606607026,2.10411583978498,-0.7813205339539642,0
-0.28412682048215876,-0.24920296606607026,-0.2547702982147115,-0.3254734854985826,0
2.5214312125106746,6.653410371317654,1.5652429611446834,-0.8084356953763383,0
-0.33994828075579436,-0.24920296606607026,-0.3722823344750341,-0.5410049505412134,0
0.010546005803159534,-0.24920296606607026,0.0332071983586259,0.1166802464765834,0
-0.34191170589894465,-0.20303976528807283,-0.37997481554011403,0.24798516990273076,0
-0.1503253487138993,-0.24920296606607026,0.3898597825207309,-0.3271653540446617,0
-0.3184685862214617,-0.24920296606607026,-0.26878318292011716,0.2604848180407722,0
0.9108259014742052,-0.2151879760191248,0.27796192146247295,-0.681221905775217,0
-0.2985565878132415,-0.2516326082122807,-0.30242609084413935,-0.4351402627180938,0
-0.32179189787959656,-0.24920296606607026,-0.28373375449036126,0.682305848072126,0
-0.2705497749597122,-0.24920296606607026,-0.05522147666288734,-0.8185816876252769,0
-0.23842618559431725,-0.24920296606607026,0.14824867213508974,-0.7177327277148898,0
-0.2776430287752859,-0.2516326082122807,-0.32215316373398784,-0.2771924956925616,0
-0.22112685133334067,-0.24677332391985987,-0.28572816598868633,-0.7768807608192655,0
-0.3332980723559583,-0.24920296606607026,-0.365807526343439,-0.6230620897376393,0
-0.34191170589894465,-0.24920296606607026,-0.36158817565858675,-0.657359241172104,0
-0.34191170589894465,-0.24920296606607026,-0.37299157737336275,-0.6342827175552356,0
-0.34191170589894465,-0.24920296606607026,-0.3522077076101611,-0.6016214646260367,0
-0.34191170589894465,-0.24920296606607026,-0.367771770450385,-0.3911282212072211,0
-0.3088371009102073,-0.24920296606607026,-0.3031925792049876,-0.6775133610835228,0
-0.31330679840256637,-0.24920296606607026,-0.35963278120941244,-0.6634901668942148,0
3.3937633609445856,-0.24920296606607026,1.7335714384433185,-0.8399586540026975,0
4.857486592756487,0.008339101432231285,8.242879957307848,-0.7921026639145993,0
-0.2825690688560195,-0.24920296606607026,-0.24352401869974535,-0.41855324088293594,0
-0.334369465713694,-0.24920296606607026,-0.3564689793447207,-0.7358777616619385,0
-0.25126684135421473,-0.24920296606607026,-0.2511214727363544,0.4483215199154939,0
-0.3079153272577673,-0.2516326082122807,-0.34073140520211964,-0.028175818502429763,0
-0.34191170589894465,-0.19818048099565203,-0.3584724306737906,-0.6366304756346638,0
-0.19503867921770487,-0.24920296606607026,0.18492383220491593,-0.6605110596788053,0
-0.30668924517579227,0.05450230221022873,-0.33962705010362987,-0.3723531959374646,0
-0.30844158698905494,-0.24920296606607026,-0.3519157872487069,-0.5781746008654709,0
-0.3070469987011428,-0.24920296606607026,-0.06526372950533167,-0.1431345064330951,0
-0.24255660725492484,-0.24920296606607026,-0.2039815205267579,0.3075062292224265,0
-0.3203333832472078,-0.24920296606607026,-0.3079216455962776,0.7471378980146718,0
-0.05635545397138628,2.131846337220114,0.01703546286291234,-0.6319431103642247,0
-0.1356787914081975,-0.24920296606607026,-0.09720069732113369,0.17939952618583416,0
-0.32041459677337697,-0.24920296606607026,-0.3393993539334172,-0.775971966037038,0
-0.34191170589894465,-0.2516326082122807,-0.36263299659161186,-0.5557837677276455,0
-0.34191170589894465,-0.24920296606607026,-0.37449556598142936,0.2564625090995622,0
-0.34191170589894465,-0.24920296606607026,-0.36700912286282017,-0.5706975331632828,0
-0.10675721774204021,1.6507771922704562,-0.14804357473040014,-0.6959518922939422,0
-0.2972753473673839,-0.2516326082122807,-0.28761742104373916,-0.2042898511288988,0
2.0937585293814878,-0.24920296606607026,1.1750313217966786,-0.8281889316079996,0
-0.29730882928654917,-0.0572612365154493,-0.15376075118458526,0.2204576152167122,0
-0.27882318811244616,-0.24920296606607026,-0.33854570890896674,-0.6916959610220267,0
-0.335445694111574,-0.24920296606607026,-0.3580318528667692,-0.6622823219049788,0
-0.3107188260921012,-0.24920296606607026,-0.29548725946573334,-0.7367367628120229,0
3.9368908087116545,6.291393691532305,2.177951023328127,-0.6310247587738446,0
-0.34191170589894465,5.922088085308325,-0.3731377180218414,-0.6074419757726145,1
-0.34191170589894465,-0.24920296606607026,-0.38100372005884753,0.20023585424365903,1
-0.34191170589894465,-0.13258014304797144,-0.380097417980108,0.4170329747358602,1
-0.29684839089447335,0.09337657654959501,-0.24440289463308387,0.6164489536619188,1
-0.29510175077802103,-0.24920296606607026,-0.028318419723528596,2.9243070833150475,1
-0.2934715533359988,-0.2394843974812287,-0.15040744151932878,2.1601733972700305,1
-0.34191170589894465,-0.24920296606607026,-0.17971245835884891,-0.8128149079197683,1
-0.34191170589894465,-0.24920296606607026,-0.38018887435138327,0.452921851859725,1
-0.34191170589894465,-0.24920296606607026,-0.3845711077817762,2.66453148233535,1
-0.2980904460883951,-0.24920296606607026,-0.27332623836747216,-0.5082670378339336,1
-0.34191170589894465,-0.24920296606607026,-0.38419786683607504,2.110245587352004,1
-0.298051631863585,-0.24920296606607026,-0.1482385240164412,1.8403667266324424,1
-0.34191170589894465,-0.24920296606607026,-0.384195787868871,2.0717308700854944,1
-0.34191170589894465,-0.2346251131888079,-0.3786941210573808,-0.17752451812557793,1
-0.34153944221571786,-0.24434368177364948,-0.3693609640078663,-0.7380931840905928,1
-0.2958004068246019,-0.24920296606607026,0.020427081111712184,2.3274678418867505,1
-0.31132012596555864,-0.2370547553350183,-0.28870901240311875,-0.652812363521554,1
-0.34191170589894465,-0.24920296606607026,-0.38437741336165543,2.3662530169889338,1
-0.33769159558755046,-0.0888465844161844,-0.3605340490901817,-0.7290226998144897,1
-0.34110783802525196,-0.24920296606607026,-0.3802730702760234,0.29988692670020356,1
-0.34191170589894465,-0.2151879760191248,-0.382007603418921,0.5712748564235185,1
-0.29545107880131144,-0.24920296606607026,-0.12104085816820592,2.296369094458766,1
-0.3371869826434928,2.627493335047034,-0.35967141402817904,-0.7686448748238826,1
-0.34191170589894465,-0.24920296606607026,-0.3840317903803769,1.9153554253945828,1
-0.34191170589894465,-0.24920296606607026,-0.3842028561851655,2.1112695550848617,1
-0.34191170589894465,-0.24920296606607026,-0.3822125052413468,0.8930686926477976,1
-0.29774111806510456,-0.24920296606607026,0.0440030330045605,2.2240496677425705,1
-0.2957615925997919,-0.24920296606607026,-0.20198992147336015,-0.09895429338227178,1
-0.2972753473673839,-0.2516326082122807,-0.2937571556931286,-0.545473731288015,1
-0.34191170589894465,-0.2516326082122807,-0.3298014249725932,-0.10471350382190603,1
-0.301907341451183,-0.24920296606607026,-0.12075406706626361,1.356418230212219,1
-0.34191170589894465,0.5380010893060968,-0.37665618629099495,-0.5606205556264384,1
-0.3252693900000925,-0.24920296606607026,-0.2842683276217783,0.09519957542750192,1
-0.34191170589894465,0.8951584847990244,-0.3775957849468571,-0.4916159012612231,1
-0.2935922546244363,0.07879872367233265,-0.21428675238137176,1.5244650789895005,1
-0.34191170589894465,-0.24920296606607026,-0.3840042660734854,1.7803431455602192,1
-0.34191170589894465,-0.24920296606607026,-0.3830464194858008,0.9330191970637696,1
-0.29545107880131144,-0.24920296606607026,0.05251590456186941,2.451626073524025,1
-0.34191170589894465,-0.24920296606607026,-0.3844109539458251,2.4834424344709456,1
-0.32663009722458347,-0.24920296606607026,-0.35782749069686826,-0.7255252770013192,1
-0.2881510254697113,-0.24920296606607026,-0.15597250672361682,-0.7329151645488117,1
-0.2968095766696633,-0.24920296606607026,-0.055293044896827646,1.5999706650756553,1
-0.3040257187874217,-0.24920296606607026,-0.19875469239804813,-0.1689141891511576,1
-0.2968095766696633,-0.24920296606607026,0.1225426027935574,0.19742788294705527,1
-0.34191170589894465,-0.24920296606607026,-0.3836111314123601,1.612611646024084,1
-0.29521819345245115,-0.24920296606607026,-0.017654910011484056,1.9950133211782834,1
-0.3034883035408399,-0.13986906948660263,-0.251457434981686,0.21326218551113588,1
-0.30932445134874115,-0.24920296606607026,-0.21778393394796075,-0.055261071690743464,1
-0.34191170589894465,-0.24920296606607026,-0.38392334611516576,1.7542775882230117,1
-0.29553904959923516,-0.24920296606607026,0.08966707150966878,2.2779627336266426,1
-0.34191170589894465,-0.2516326082122807,-0.3826225730226263,0.5650512258479823,1
-0.21379165500757027,-0.013527677883662242,-0.06493420625455498,-0.7235223689734462,1
-0.29463598008030034,-0.19332119670323125,-0.14963457758095372,2.3555107981456254,1
-0.29603329217346225,-0.16173584880249617,-0.17850380865238427,1.966545935455375,1
-0.34191170589894465,-0.24920296606607026,-0.3845720722077751,2.733750965347957,1
-0.2805657815669263,-0.24920296606607026,-0.14605996482200212,-0.46781196625979365,1
-0.34191170589894465,0.32662222258579265,-0.37075081340544097,-0.7304318468682532,1
-0.2940149524833395,-0.24920296606607026,-0.25697814107177364,0.4762595373156969,1
-0.28753993270401434,-0.2516326082122807,-0.2386104099774981,-0.07018807237417003,1
-0.34191170589894465,-0.24920296606607026,-0.3843595922124824,2.3508495756320267,1
-0.32739417765830153,-0.24920296606607026,-0.2622940461162264,-0.8211802604188353,1
-0.29508075692057656,-0.0572612365154493,-0.22860013655136477,1.5348376485707231,1
-0.3153588939655167,-0.24920296606607026,-0.2708619026112783,1.4209637016953172,1
-0.2972753473673839,-0.2516326082122807,-0.2748294808354407,2.267267049222882,1
-0.34191170589894465,-0.24920296606607026,-0.38413816953880237,1.989136312680684,1
-0.34191170589894465,-0.16173584880249617,-0.3805169440395571,0.29343904961625156,1
0.1639435003527979,-0.2516326082122807,0.5629650104572602,-0.291948718103474,1
-0.34191170589894465,-0.19575083884944164,-0.38195671452518704,0.2607254359382196,1
-0.291414399421066,-0.24920296606607026,0.004844508440337739,2.496142599757644,1
-0.2952958219020712,-0.24920296606607026,-0.18663435997200328,-0.6301426058335557,1
-0.2946747943051104,-0.24920296606607026,-0.04948921785697798,1.783042232408426,1
-0.32441582468995933,-0.24920296606607026,-0.2920933783202516,-0.10794859140444867,1
-0.2952958219020712,-0.24920296606607026,-0.06313314898975889,2.6183015355598434,1
-0.29661550554561306,-0.24920296606607026,-0.03750621955969715,2.1148242589662063,1
-0.034047932414830194,-0.24920296606607026,-0.26669335393710464,-0.4629855671092272,1
-0.34191170589894465,-0.24920296606607026,-0.37995893412327597,0.7100079752939041,1
-0.34191170589894465,-0.24920296606607026,-0.3841427108032846,1.9488907038725487,1
-0.34191170589894465,-0.2516326082122807,-0.38035097673623797,0.5271613717943212,1
-0.34191170589894465,-0.04997231007681812,-0.3630132463613855,-0.7425827049055618,1
-0.34191170589894465,-0.24920296606607026,-0.3835275481458896,1.3467587902935012,1
-0.34191170589894465,-0.16416549094870656,-0.29637224951985813,-0.7423151358508626,1
-0.2980904460883951,-0.24920296606607026,-0.12404492438722146,0.927246982264559,1
-0.34191170589894465,-0.2516326082122807,-0.3707784203124706,0.41891919819478896,1
-0.34191170589894465,-0.2516326082122807,-0.3796702370653269,0.19356406963252004,1
-0.3392636606015732,-0.24920296606607026,-0.36989707712023373,-0.7180971250011128,1
-0.28306443300565615,-0.2516326082122807,-0.25253358829834266,0.872107298716796,1
-0.34191170589894465,-0.24920296606607026,-0.38454637272099956,2.6522177359664547,1
-0.34191170589894465,-0.24920296606607026,-0.3843572847085537,2.2584904474399217,1
-0.29239239062652583,-0.24920296606607026,-0.1467608471067281,0.8244843284513971,1
-0.34191170589894465,0.22700689459116657,-0.37121668560023524,-0.7029720299040483,1
-0.34191170589894465,-0.2516326082122807,-0.3684716948130495,-0.7648163874988727,1
-0.34191170589894465,-0.24920296606607026,-0.3831517627152598,1.0036049532357938,1
-0.29276371542978535,-0.2516326082122807,-0.32309894086039104,-0.21150743846879191,1
-0.34191170589894465,-0.2516326082122807,-0.3817226597354232,0.4315106477075063,1
-0.06397024093000746,1.7066589616332952,-0.12131529690076132,-0.7649912330384366,1
-0.2816852838560635,-0.24920296606607026,-0.13250075737138844,-0.11119700796193832,1
-0.34191170589894465,-0.24920296606607026,-0.38420709999015085,2.271308119045287,1
-0.2970812762433337,-0.24920296606607026,-0.15247785354017934,2.4820099942672753,1
-0.2912203282970157,-0.24920296606607026,-0.04397954955199581,1.924813014402254,1
-0.2924623834909374,-0.24920296606607026,-0.04568047366129163,2.0177481090436,1
-0.34191170589894465,-0.24920296606607026,-0.3806685326485584,-0.14686394583182774,1
-0.29137558519625595,0.7032167552484034,-0.2172575477710031,-0.7111900031639862,1
-0.2954122645765014,-0.210328691726704,-0.1450082062560114,1.6296118472172822,1
-0.3034979838674909,-0.24920296606607026,-0.2038251512244009,-0.7061939307981359,1
-0.29494649387878075,-0.24920296606607026,-0.10844579296860977,1.647597068752511,1
-0.15788209533768796,-0.24920296606607026,0.7917441525813027,1.281285050627703,1
-0.28966775930461364,3.278637430231419,-0.19452152049627908,-0.4707851684617562,1
-0.3089737996792918,-0.2419140396274391,-0.28083459831364715,-0.6455592611962884,1
-0.31829151075594303,-0.24920296606607026,-0.28446462058778915,-0.7532744148012599,1
-0.29362681023523896,-0.2516326082122807,-0.25114930762091636,-0.24284632521734323,1
-0.34191170589894465,-0.2516326082122807,-0.3831639774042572,1.089586068736015,1
-0.34191170589894465,-0.24920296606607026,-0.3815570086038383,1.502365436166683,1
-0.15917255093115587,-0.2516326082122807,0.12794360387952186,0.8759090672074008,1
-0.34191170589894465,3.8738997560529653,-0.3728627166629434,-0.715004070054138,1
-0.2985562167861157,-0.24920296606607026,-0.0776554104768803,2.0814757801318784,1
-0.0967952432258049,-0.24920296606607026,0.10574949818297116,-0.6255168559986258,1
-0.3369571102612615,-0.17631370167975852,-0.3668197495199452,-0.6797709418643797,1
-0.29521819345245115,-0.24920296606607026,-0.24300413672811222,-0.18152227738934956,1
-0.34191170589894465,-0.24920296606607026,-0.3841432267844378,2.190449407561201,1
-0.34191170589894465,-0.24920296606607026,-0.38414505429897233,2.045006651993236,1
-0.29494649387878075,-0.24920296606607026,-0.24847890407755346,-0.3292463549322656,1
-0.34191170589894465,-0.24920296606607026,-0.38336632689543654,1.2045246471955902,1
-0.2961885490727025,-0.2346251131888079,-0.24058282418811588,-0.24935943213719286,1
-0.29750823271624427,-0.24920296606607026,-0.03263376543868927,2.418861183528861,1
-0.34191170589894465,-0.24920296606607026,-0.3842812250990773,2.261429607712061,1
-0.34191170589894465,-0.22733618675017675,-0.37708591885363707,-0.33197621087966456,1
-0.2711680454757686,-0.24920296606607026,-0.05436568562572344,-0.3479577190028851,1
-0.34191170589894465,-0.24920296606607026,-0.3823211083988601,1.043593349337425,1
-0.3005489244409865,-0.24920296606607026,-0.08552112518544046,2.347297215677277,1
-0.2937820671344792,-0.24920296606607026,-0.013943954944940322,2.2709999121186066,1
-0.34132591715604865,-0.24920296606607026,-0.3503204192667133,-0.7386444025989892,1
-0.29572277837498184,0.7493799560264008,-0.2131680978945329,-0.6586819697886642,1
-0.298789102134976,-0.24920296606607026,0.006087700613660526,2.4737065542445915,1
-0.34191170589894465,-0.24920296606607026,-0.384088787671152,1.8886776063135093,1
-0.34191170589894465,-0.2516326082122807,-0.3834814009121868,1.019482574523604,1
-0.3169143686627849,-0.24920296606607026,-0.15647827332444048,1.1260978937603583,1
-0.2962604104038757,-0.24920296606607026,-0.22745906895397144,-0.596108279000961,1
-0.34191170589894465,-0.24920296606607026,-0.3776072602608299,-0.3807029296242333,1
-0.29448072318106017,-0.24920296606607026,-0.09774735379706331,2.092279798698941,1
-0.29766348961548444,-0.24920296606607026,-0.04560259745494409,2.1178752941415544,1
-0.2924623834909374,-0.24920296606607026,-0.017893403637874932,2.478407288541808,1
-0.34191170589894465,-0.24920296606607026,-0.3724837011948003,-0.6260348417010932,1
-0.34191170589894465,-0.2346251131888079,-0.3725778315629275,-0.6998168437406991,1
-0.34191170589894465,-0.1447283537790234,-0.3803863588070639,0.12115894474639312,1
-0.34191170589894465,1.407812977649417,-0.3711930601240118,-0.6982875918811317,1
-0.34191170589894465,-0.24920296606607026,-0.3835411380457796,1.602020553704782,1
-0.29677076244485323,-0.24920296606607026,-0.060845640736396665,1.5802152640403362,1
-0.2980128176387749,0.4116596977031564,-0.20845374615225645,0.1797179535710018,1
-0.34191170589894465,-0.24920296606607026,-0.37886538448192997,0.608980004587577,1
-0.1747566143805117,-0.2516326082122807,0.13071087871047113,0.14108894725055907,1
-0.29743060426662415,-0.19332119670323125,-0.1411216574475571,1.963206632960405,1
-0.29304459686308815,-0.24920296606607026,0.08817650129083583,2.4459230182923077,1
-0.29568396415017173,-0.24920296606607026,-0.10899491512575527,2.768028671270399,1
-0.29133677097144584,-0.24920296606607026,-0.08741560749344568,2.2606049998631184,1
-0.2990622493254225,-0.2516326082122807,-0.3384446674302741,-0.6104964664944743,1
-0.2980904460883951,-0.2516326082122807,-0.29251887444663677,-0.3258124337544796,1
-0.33428714126648484,-0.2419140396274391,-0.35478257052231454,-0.6790204807717279,1
-0.25063380357640536,0.01562802787086246,-0.06773255466745357,-0.5799141403706046,1
-0.16582286827966716,-0.24920296606607026,0.15308930171917176,-0.3981422453622014,1
-0.30652303370705564,-0.24920296606607026,-0.2526845128224845,-0.49519086810032364,1
-0.34191170589894465,-0.24920296606607026,-0.2689009546989007,-0.7945980096701716,1
-0.3018811372286023,-0.24920296606607026,-0.13930039728724802,1.8558380990308234,1
-0.29444190895625005,-0.24920296606607026,-0.05255880767233083,2.028969367074968,1
-0.2942478378321998,-0.2516326082122807,-0.31332430071861406,-0.5040666855999126,1
-0.295878035274222,-0.24920296606607026,0.037410326516316816,2.3331771580230294,1
-0.2940149524833395,-0.24434368177364948,-0.10535625435987711,1.5899792597233793,1
-0.3173974586504903,-0.22004726031154556,-0.3606811334259321,-0.19548653694388085,1
-0.24759971829268757,-0.2516326082122807,-0.3427491313587304,1.2947333903057714,1
-0.30548398677022404,-0.24920296606607026,-0.14422487812365925,1.8084282013824846,1
-0.29444190895625005,-0.24920296606607026,0.11336962680681165,1.9387501399031708,1
-0.34191170589894465,-0.24920296606607026,-0.380745073820172,0.7691246524189268,1
-0.3125431105071834,-0.2078990495804936,-0.20534420352030006,0.6104201200180142,1
-0.34191170589894465,-0.24920296606607026,-0.379834427858848,0.4235366383499038,1
-0.3084280033368999,-0.2516326082122807,-0.2871909823829426,-0.6966736144677887,1
-0.34191170589894465,-0.2346251131888079,-0.382865142093882,0.605785512695637,1
-0.23949762669330835,-0.24920296606607026,0.055636598643503565,0.9316271200675769,1
-0.34191170589894465,-0.2516326082122807,-0.3822429928493088,0.6045668366802968,1
-0.34191170589894465,1.9520528184005448,-0.3762398811345851,-0.5937121704574032,1
-0.33993823190661626,-0.24920296606607026,-0.36144394657676304,-0.6309607068500362,1
-0.34191170589894465,-0.2516326082122807,-0.3793256566193813,0.3329265107087599,1
-0.3111395092862994,-0.2516326082122807,-0.31853517252406904,-0.5780547790466847,1
-0.34191170589894465,-0.24920296606607026,-0.37258206184359494,-0.6032432408662236,1
0.14386988105709383,-0.24920296606607026,1.564993155546298,-0.44462221711675476,1
-0.34191170589894465,-0.24920296606607026,-0.38455193944908106,2.6465930131932884,1
-0.34191170589894465,-0.24920296606607026,-0.383788673306836,1.7622683776293653,1
-0.29351036756080884,0.008339101432231285,-0.20691792474909657,2.083475660617354,1
-0.34191170589894465,-0.24920296606607026,-0.3841219539914419,2.1608446368215555,1
-0.34191170589894465,-0.24920296606607026,-0.382950631761466,0.7311309251517114,1
-0.34191170589894465,-0.24920296606607026,-0.3834131427077753,1.0793182270019208,1
-0.29824570298763525,-0.24920296606607026,-0.16048752709969,2.474720768941886,1
-0.2525953773472726,-0.2516326082122807,-0.17894618286300334,0.1616834191566473,1
-0.34191170589894465,-0.24920296606607026,-0.3789743832784255,0.2348634172386085,1
-0.24204233288118712,-0.2516326082122807,-0.1394772683804439,0.15067533358070234,1
-0.34191170589894465,-0.24920296606607026,-0.3845614915698283,2.642474596149749,1
-0.34191170589894465,-0.24920296606607026,-0.37413624333127143,-0.5505564364041383,1
-0.2982068887628252,-0.24920296606607026,0.07691353716533957,2.477722067604301,1
-0.34191170589894465,-0.24920296606607026,-0.3744970014352342,-0.6530531651722835,1
-0.34191170589894465,0.632757133008302,-0.3749620828141952,-0.6333950091571853,1
-0.30255794601756086,0.16626584093590677,-0.23379194475839404,0.2442576425456109,1
-0.29774111806510456,-0.24920296606607026,0.035929306902015914,2.4953649138200342,1
-0.34191170589894465,-0.24920296606607026,-0.3841790669671938,2.0487892152029263,1
-0.3025710399689506,-0.05969087866165969,-0.21519703346800506,-0.6734850346275608,1
-0.2570860186428277,-0.24920296606607026,0.050467245041759916,0.5069314666142931,1
-0.29719771891776386,-0.24920296606607026,-0.008462882053719457,1.4723059715482585,1
-0.298051631863585,0.08122836581854305,-0.21666360724387795,0.3172018261224286,1
-0.33374029014945983,-0.030535172907134988,-0.3069204557349677,-0.7470613395507096,1
-0.34191170589894465,-0.24920296606607026,-0.34475199301536663,0.11597664237658267,1
-0.34191170589894465,-0.24920296606607026,-0.3831368805647687,1.2952136187871566,1
-0.293386314254063,-0.2419140396274391,-0.2806638301017525,-0.6060756896702874,1
-0.34191170589894465,-0.24920296606607026,-0.3838563869393456,1.7923293988207802,1
-0.3105066537969277,-0.2516326082122807,-0.325244185361094,-0.34586916712764487,1
-0.2940149524833395,-0.24920296606607026,-0.10613670082641427,0.6023152693854334,1
-0.28409448527377756,0.2828886639540056,-0.20085580914035478,-0.7250313797189333,1
-0.2987407656791162,-0.1520172802176546,-0.24207564489548716,-0.6122419581871918,1
-0.34191170589894465,-0.24920296606607026,-0.38417278020358014,2.0209154122987663,1
-0.2961885490727025,-0.2516326082122807,-0.35996831360737896,0.13732378763654765,1
-0.34191170589894465,-0.2516326082122807,-0.38156147942405555,0.6056318963460313,1
-0.2926176403901776,-0.24920296606607026,-0.10056448137731738,2.6078514072358363,1
-0.296576691320803,-0.24920296606607026,-0.007938970153886393,1.8546209802460247,1
-0.34191170589894465,-0.16173584880249617,-0.3819963650478272,0.1915957379191178,1
-0.2079699296753017,-0.24920296606607026,0.36299096047807067,-0.03370208739303209,1
-0.34191170589894465,-0.24920296606607026,-0.3845516189391739,2.6515323561981785,1
-0.3002141386744308,0.7420910295877697,-0.2813511776370002,-0.6432426116640111,1
-0.2986338452357358,-0.24920296606607026,-0.2514302394468043,0.3822016784787622,1
-0.34191170589894465,-0.24920296606607026,-0.382462064332915,0.7320498687024048,1
-0.29560633570055167,-0.24920296606607026,-0.05747669486577742,1.6112784180275206,1
-0.34191170589894465,-0.24920296606607026,-0.3844246989527083,2.4781020981658366,1
-0.29661550554561306,-0.24920296606607026,-0.05579487874721565,1.8575469850828132,1
-0.3297858789209973,-0.24920296606607026,-0.33913094092780516,-0.7853002167910909,1
-0.34191170589894465,-0.24920296606607026,-0.3802926852722004,0.4412800281942497,1
-0.2947912369795405,-0.24920296606607026,0.019188552871541954,1.3976372221028854,1
-0.29712009046814375,-0.24920296606607026,0.14130470856334643,2.8491310799694745,1
-0.34191170589894465,-0.24920296606607026,-0.38229300863850685,1.0709137903851866,1
-0.2938208813592892,-0.24920296606607026,0.026597660850853924,2.148163070565604,1
-0.2953346361268813,-0.24920296606607026,-0.10504690098668247,2.2999733064841483,1
-0.34191170589894465,-0.24920296606607026,-0.3838852813169487,1.8256949441851946,1
-0.2950026402417135,-0.24920296606607026,-0.10726115311296641,0.47380794057988795,1
-0.34191170589894465,-0.24920296606607026,-0.38414478864453194,2.0474849978935885,1
-0.22699418492455353,0.8101210096816607,-0.18495721514538271,-0.5872563364413609,1
-0.2952570076772612,-0.24920296606607026,-0.12467129715232539,1.7040733241490547,1
-0.27104559193092165,-0.24920296606607026,-0.01694968534762363,0.7692291765018969,1
-0.2623878247905565,-0.24920296606607026,-0.14108113158591346,-0.5233757216666481,1
-0.34191170589894465,-0.2516326082122807,-0.3789293745176566,-0.3645251802435357,1
-0.32244857296326457,-0.24920296606607026,-0.31802582186656897,-0.7408222206464967,1
-0.29436428050663,-0.24920296606607026,0.08217472269474123,1.8285041801793935,1
-0.34191170589894465,-0.24920296606607026,-0.3832313823560332,1.3421716513898652,1
-0.2982845172124453,-0.03296481505334538,-0.24980033916496475,-0.17541842936138227,1
-0.34191170589894465,-0.24920296606607026,-0.38307233492234766,0.7868090184903437,1
-0.2980904460883951,-0.10585407943965713,-0.17963036374510638,0.037393469086312206,1
-0.3384217027873511,-0.24434368177364948,-0.3440320405705175,-0.7162482971337694,1
-0.3357380857986815,-0.2516326082122807,-0.38032909694416783,1.3413495707488343,1
-0.3324484282309699,-0.24920296606607026,-0.37544177524061745,-0.1058826923078679,1
-0.29532575923155596,-0.24920296606607026,-0.12398499648835798,1.2246648801806748,1
-0.28777083847158896,-0.2516326082122807,-0.25865718586634595,0.13023862579960613,1
-0.293665624460049,-0.13743942734039225,-0.21954892667216863,1.8597517538617767,1
-0.30598969820608724,-0.2516326082122807,-0.3506130988680602,0.42034755292369175,1
-0.29304459686308815,-0.24920296606607026,-0.02061620284958998,2.4227110050648273,1
-0.12325112161141914,-0.2516326082122807,0.20972861314220712,-0.8141408395854851,1
-0.14500979977366768,-0.24920296606607026,0.7081313058629357,-0.06980073817233837,1
-0.34191170589894465,-0.2516326082122807,-0.3797602745238861,-0.033344524599041865,1
-0.33426828932096503,-0.24920296606607026,-0.21577051649251686,-0.7800879846349124,1
-0.23627511797736572,-0.24920296606607026,-0.04260179385915812,1.4084498598478057,1
-0.3013784361672345,-0.24920296606607026,-0.2481254464750999,-0.37855905216464864,1
-0.34191170589894465,-0.2151879760191248,-0.37970731562055915,-0.08995083209923779,1
-0.298051631863585,-0.24920296606607026,-0.10543754114009357,2.492590041278407,1
-0.34191170589894465,4.386554248903358,-0.37551175717025204,-0.6315485213662342,1
-0.2963049917471326,-0.2394843974812287,-0.18455292823815136,1.4819559261199107,1
-0.2667277078143093,-0.24920296606607026,-0.03239444663791406,1.019414867086368,1
-0.34191170589894465,-0.24920296606607026,-0.38423763868840655,2.0806923126731025,1
-0.2923459408165072,-0.24920296606607026,0.23870496808310282,2.2035224888391873,1
-0.3160624823001582,-0.24920296606607026,-0.2159270299680196,-0.7916552909342142,1
-0.04009288326586212,-0.2516326082122807,-0.18703531909412785,-0.7056367088984083,1
-0.34191170589894465,-0.24920296606607026,-0.38416609188941947,1.9995196407980302,1
-0.3297508391354074,-0.24920296606607026,-0.31545147639886756,0.4371206758865282,1
-0.295878035274222,-0.24920296606607026,0.11639122735670683,2.81170786066734,1
-0.2961497348478924,-0.24920296606607026,-0.07396013664372773,2.6725762753162745,1
-0.29230712659169716,0.0666505129412807,-0.21094271657552055,1.5060022952004806,1
-0.33181296312440894,0.010768743578441677,-0.33469242510802966,-0.7683552315460758,1
-0.29405376670814953,-0.20061012314186244,-0.1520061532778424,1.3820447587875864,1
-0.34191170589894465,-0.24920296606607026,-0.3841975456301463,2.095511789766562,1
-0.3068852885564406,-0.24920296606607026,-0.16216134153076842,-0.7507834122927097,1
-0.34191170589894465,-0.24920296606607026,-0.3842007208464576,2.1190129698590736,1
-0.34191170589894465,-0.20061012314186244,-0.3720576957532849,-0.021269825302152993,1
-0.34191170589894465,-0.2516326082122807,-0.3794893333961122,-0.2858919069438695,1
-0.0007675234297064966,-0.1811729859721793,0.05073274054142846,-0.6508813921434861,1
-0.34191170589894465,-0.24920296606607026,-0.38419909356984316,2.076000799618443,1
-0.34191170589894465,-0.22976582889638714,-0.38370228789761435,1.1545903421055377,1
-0.29719771891776386,-0.2516326082122807,-0.2806849428562465,0.22207906764362895,1
-0.34191170589894465,-0.24920296606607026,-0.3842027572000086,2.0823720632850007,1
-0.34191170589894465,-0.21761761816533517,-0.3791383892669057,-0.05094618264285731,1
-0.3039884968739494,-0.24920296606607026,-0.28812640033561,-0.46936806432675393,1
-0.34191170589894465,-0.24920296606607026,-0.3798406716475963,-0.14046353548688895,1
-0.34191170589894465,-0.24920296606607026,-0.38311934016851545,0.9996035187430335,1
-0.29432546628181994,-0.24920296606607026,-0.15310988731875652,2.879213643269563,1
-0.34191170589894465,-0.1520172802176546,-0.3823086451966198,0.9522260598930009,1
-0.2968095766696633,-0.24920296606607026,-0.10069635710348436,2.2108430028514845,1
-0.29545107880131144,-0.18360262811838968,-0.16319392340549332,2.1849170473556585,1
-0.34191170589894465,-0.24920296606607026,-0.3186072639717304,-0.7930905764765006,1
-0.34191170589894465,-0.2516326082122807,-0.3795146741997395,0.028601725865099712,1
-0.2969648335689035,-0.24920296606607026,0.04309865830236009,2.399188759454451,1
-0.34191170589894465,-0.24920296606607026,-0.38369173879655094,1.3154607026690965,1
-0.29661550554561306,-0.24920296606607026,-0.04125911428237017,2.864347301526862,1
