Edge Density,Fractal Dimension,Contour Count,Avg Contour Area,GLCM Contrast,GLCM Homogeneity,LBP Uniformity,Gradient Skewness,Label
0.00299072265625,1.7386043680393393,7,6.785714285714286,92.7926851322901,0.7844271829050743,0.662646484375,12.898811132727912,1
0.00412836227442969,1.9963678898061141,17,9.147058823529411,33.13844738102634,0.5284314077065686,0.23587702871410737,14.785315148606127,1
0.004335748792270532,1.165484953817437,19,5.578947368421052,11.710295456746287,0.41738928447177337,0.2081280193236715,3.972671555652659,1
0.00488037109375,1.5708355595245602,27,14.851851851851851,90.5860279262689,0.5183642712493576,0.26351318359375,10.548263719114129,1
0.00031302738309107737,0.0,2,4.5,8.72073904290264,0.46716401046241907,0.2221133431324514,19.63160059359445,1
0.012611177884615384,0.8529428637988163,194,9.628865979381443,43.81156150008113,0.5244938333234768,0.24314603365384616,12.063667819028076,1
0.0029443359375,1.9999999999999991,4,1.625,6.871303622525673,0.7753470164034798,0.64398193359375,6.720708656970089,1
0.004960440316477468,2.0624247412341,49,10.724489795918368,14.508804617146417,0.5075579433417954,0.22942896456828346,10.965776623601691,1
0.008647088353413655,0.6832835035177385,42,19.773809523809526,14.180103992177036,0.6859763579606242,0.4512675702811245,9.920049466656486,1
0.0011124328134637412,1.6549173328062459,6,18.0,25.41998774161857,0.6989272302175398,0.4284334890004993,25.707807175988897,1
0.001586206896551724,0.0,12,11.666666666666666,7.01106051758498,0.5788769044967845,0.30544827586206896,3.6485012892931903,1
0.0006536774628879892,0.9075976297128507,2,11.25,16.22739490572619,0.6377575109146434,0.344804318488529,26.18852692371973,1
0.020363408521303257,2.185034548077564,1,105.0,23.2469103087587,0.6366261224575134,0.39129072681704263,3.0467967403815566,1
0.0025875190258751904,1.8852617692898153,1,35.5,10.36353797769075,0.5656939163933661,0.2784627092846271,3.104300360164567,1
0.030653229634498118,1.7684075426972985,167,18.15868263473054,53.69489716095164,0.39400129246100174,0.21573648081206412,4.480785066813428,1
0.012886135057471264,1.776488239269942,14,8.571428571428571,15.675597361004039,0.6020282022325504,0.3774694683908046,3.463334005046026,1
0.0491943359375,1.1454318461493325,487,16.83983572895277,127.2591420433359,0.2196542674491301,0.200947265625,9.610508452524375,1
0.006265318627450981,1.5012954031272396,14,47.92857142857143,49.06715294267745,0.7374264475945811,0.543148743872549,12.638958411512252,1
0.21688878676470588,1.9789907216991434,908,54.15803964757709,197.53267884324526,0.19308517344644238,0.20061529820261437,2.722379593888695,1
0.0096484375,1.6421199522359795,129,7.162790697674419,111.62180355542947,0.2801496826544021,0.19360107421875,10.661218273153073,1
0.04701904296875,1.7598610871388807,491,12.575356415478614,139.41293998859038,0.2634256343890481,0.1980810546875,9.402591653484777,1
0.0,0.0,0,0.0,1.1398223301770076,0.7786244090338602,0.5410783055198973,1.372312018461285,1
0.002229654403567447,1.0219620238507385,1,0.0,44.60806585844958,0.5957537681393835,0.3456521739130435,14.06438316814481,1
0.0077341046712802765,1.182220802328566,116,9.85344827586207,58.239040277029936,0.6291302140788304,0.41761461937716265,12.271213017412924,1
0.1658591285488959,0.8865987749350739,889,32.96625421822272,199.46370891787393,0.13216499040916382,0.28717961356466876,7.315773870046391,1
0.150438381661442,2.0128836128086336,824,33.14623786407767,155.5528565622263,0.14373124022794537,0.27747844827586204,4.811371179752916,1
0.01375,1.339231742277876,1,0.0,248.40458683925027,0.7132635024254335,0.5090625,5.965625997164258,1
0.3237502749238068,0.9294585343192185,2418,30.850082712985937,371.0454438193493,0.08038647162685168,0.14438474670353263,1.0950148728752536,1
0.16570658623417722,0.0,894,33.395973154362416,125.60044829718106,0.1361709052239669,0.2587791732594937,1.1610717449982157,1
0.0,2.0474138181073487,0,0.0,0.7883920432637902,0.8114144367553412,0.6466980167654877,3.1259784544349873,1
0.0027995366284201237,1.5500624722733916,2,3.0,47.15304824192844,0.5555661923129351,0.28526312886142985,12.980435500081416,1
0.011633428300094967,1.879433624674981,4,8.75,16.60323267467126,0.5488017175132772,0.25902184235517567,5.7591960750815065,1
0.020571822478991596,2.020696136692486,104,24.096153846153847,44.25319976225482,0.467233310171415,0.2272157300420168,7.5400119186199595,1
0.0,2.1833405308874614,0,0.0,2.9566927321810135,0.6382391724134662,0.3216253443526171,1.279630722049555,1
0.0,0.0,0,0.0,3.4793050256596816,0.7812418387439128,0.5963938973647711,4.41989097698026,1
0.016203703703703703,1.6828192280417142,1,38.0,21.352757477196555,0.4461974115315707,0.2611111111111111,3.3795371694887173,1
0.03370571257961783,1.678513471466512,248,22.99798387096774,145.03893377701655,0.25177778245008536,0.24948994824840764,10.257543615440845,1
0.35582763671875,1.721853803201977,2007,99.91255605381166,2149.520545766676,0.04279598776484572,0.21306884765625,0.8368230987219171,1
0.09278711484593838,1.3981153492226752,6,30.0,152.4203285795097,0.1869243845841395,0.17682072829131654,2.2867455867728963,1
0.3705099534772278,1.9065509036422088,2486,67.82200321802091,2023.3530561269085,0.035624248989422874,0.1854496535750654,0.8834231240998643,1
0.006392415364583333,2.0000000000000004,17,41.44117647058823,17.86662593467859,0.8098921591506785,0.6724161783854167,10.536562218480285,1
0.17333251953125,1.7780929857037429,1323,24.566137566137566,174.47274239442476,0.18094599353888058,0.1836962890625,4.852175014913612,1
0.005319148936170213,2.4534452978042567,1,0.0,87.0056683854543,0.6767289203767561,0.4729279136233725,9.193529903647311,1
0.05672268907563025,1.4999999999999996,1,4.0,114.88211579518857,0.20945246119802413,0.18277310924369747,3.4507320043783922,1
0.064267578125,1.9999999999999991,407,27.42014742014742,69.9175726209816,0.24528086286637987,0.26336181640625,1.7849255248366032,1
0.001021029627772006,0.4039738636041591,16,7.625,4.150063916212442,0.6430781632282441,0.3593994435089982,4.737834757201108,1
0.095634765625,1.4160694510659697,676,20.28032544378698,190.20992558419022,0.22829145573163367,0.296162109375,7.9185785864453635,1
0.25784700315457415,1.0364751581003717,1562,37.467669654289374,262.62023354260486,0.11096361889368618,0.18134611593059938,5.2728983944755035,1
0.00025799793601651185,0.0,1,2.5,7.097402803782646,0.47340521686937287,0.21415671531770603,2.7307411571797156,1
0.0,-0.0,0,0.0,6.09608550253827,0.6710544502251652,0.40131578947368424,3.237555240233326,1
0.0091796875,1.6681499154377526,60,17.175,110.37493967915691,0.28334222958433336,0.2414990234375,10.516313197487998,1
0.0,0.9718247448223618,0,0.0,12.324249048161427,0.5401933187333214,0.25666199158485276,3.352090646599089,1
0.3477734375,1.01414781640596,1389,118.86681065514759,759.546572866216,0.07745147049055123,0.2214013671875,1.456809069917188,1
0.34011962890625,1.7020176400338571,2245,41.2902004454343,897.3298176914069,0.07006205197540588,0.2551318359375,1.6393990112047068,1
0.001849354652282797,1.3651330435761946,1,0.0,26.153104236785826,0.6509412143406943,0.37861683683298014,15.841689027068348,1
0.0067487990082132346,2.0242995763821656,9,24.61111111111111,7.740219359723342,0.5907085957859934,0.2733457306679064,6.432276875367929,1
0.0014304436772791204,2.066938456707722,1,0.0,4.72716302986411,0.6788626733001593,0.37895569620253167,14.000984212172474,1
0.006941143576121907,1.6176850836347552,26,32.88461538461539,85.18319212225913,0.6623961069389273,0.42386760799664475,12.986130197630247,1
0.00010078105316200554,0.0,1,3.0,2.1740092142203347,0.6720714488866583,0.3843915343915344,3.500521051707757,1
0.02387929149354909,0.9739818031072844,130,10.48076923076923,35.6511075577045,0.3800942119903873,0.17532254537502734,5.742035015390843,1
0.010721633169805348,1.8105527386719713,7,11.071428571428571,11.882172310951361,0.6745092475903154,0.4609510998575724,4.6646094180049555,1
0.19667809959349594,1.6108311973758085,791,39.345764854614416,183.06809596556334,0.20965046702092754,0.1811229674796748,4.587780161778773,1
0.12282608695652174,0.6088788238716908,13,10.26923076923077,106.76733265803995,0.14514978534945938,0.2171195652173913,1.1297112366622353,1
0.0009188577890867967,1.7859544900154443,1,0.0,14.795174707954391,0.7853963484890882,0.5870244714604341,21.20418494359681,1
0.013002364066193853,2.241605643189125,3,2.5,106.1198188465169,0.6091586853800266,0.3806146572104019,7.134039360492489,1
0.0025831892370629665,2.010842850222307,2,0.0,68.85238042992788,0.6606367528699315,0.4125616802328033,14.027765526016989,1
0.30823974609375,1.9280960654756865,2079,29.73015873015873,732.4652452425482,0.11438764760433226,0.30503662109375,1.3172654272915052,1
0.3444686285052527,1.0486094904430687,2820,28.42464539007092,454.02458888131423,0.07060439752880887,0.1475618330713872,1.0151991481353266,1
0.0,0.0,0,0.0,0.6373281185003176,0.8674435402367122,0.7223529411764706,2.9862577775582353,1
0.27780162382996326,1.6828679130075945,5029,6.129946311393915,884.5245371523939,0.07210246877997951,0.14464756684077157,1.5716578530465046,1
0.0017282444521900778,0.0,21,10.142857142857142,7.5598883413117735,0.5093913238800027,0.2105505208938461,4.23657277059062,1
0.0002226400158321789,1.6208323126565292,2,1.75,2.2637264880959718,0.6382276437554266,0.31637146249752623,4.754071492423997,1
0.003017578125,1.7325760284330476,4,0.0,60.25421784327236,0.873765401514953,0.7929296875,12.901492283968764,1
0.00573486328125,1.5713716837925025,33,15.393939393939394,101.22916094871687,0.28537172467587624,0.2325927734375,10.494586876338655,1
0.0,0.0,0,0.0,2.4719724352680172,0.688464031207118,0.4195343086750464,3.909600792294793,1
0.001803921568627451,0.35240458855269235,16,14.25,5.944658462819234,0.5539174016313438,0.2359047619047619,5.731209838689505,1
0.00302447390377306,0.2571428571428572,13,5.769230769230769,8.475006301412275,0.4923939175754617,0.20965050523778622,4.8057696593080435,1
0.00038580246913580245,0.0,1,5.0,6.867995286245547,0.5489953557114415,0.23958333333333334,3.509664742859152,1
0.25934326171875,1.2645153877456181,1518,40.49604743083004,296.22992511237163,0.15469054229659973,0.16669189453125,5.383477729584239,1
0.14238388261663623,0.23220928913512578,793,30.935687263556115,111.98420990010287,0.1404957158420656,0.2472060227461398,1.1734332475465665,1
0.0009427596062241982,1.558122834451365,2,0.0,21.359253685999505,0.7207324583742768,0.4730933100455171,21.241763028791333,1
0.0026652452025586353,1.2910395063225226,1,12.5,11.515976792249727,0.5423383249909468,0.2826226012793177,3.025542933587387,1
0.0006063528242891791,-0.0,4,9.875,6.297364671993982,0.5082084913787897,0.2212384208526928,3.2558715180485485,1
0.018412777226084077,1.3837967189482414,15,11.933333333333334,24.099572890412702,0.3720842262121593,0.20109235352532273,2.5114361454141085,1
0.001899092970521542,2.0213879977328406,7,8.357142857142858,30.843423829182896,0.5485628399404252,0.24195956160241874,15.146482228769896,1
0.0058317698561601,1.2836477005485938,46,9.043478260869565,40.29540434441005,0.4453589279931026,0.21309151553053993,14.69049250670719,1
0.004184819995413896,2.0193294149013377,10,15.6,8.446768466463492,0.5928812211060572,0.2751375831231369,11.10001260876369,1
0.0017891682785299806,2.0679479757033503,3,5.833333333333333,8.68645808778325,0.5006653221645091,0.23712927143778206,3.330691319875138,1
0.03165584415584415,1.3343784284711555,3,10.166666666666666,461.93998907601735,0.5875846802684512,0.34686147186147187,4.707336281127736,1
0.00277989337395278,1.728521041140494,4,2.5,83.39620484620896,0.4713291554437393,0.21643818227976644,14.469590667057213,1
0.00017170329670329672,0.0,1,1.5,2.7489628441041716,0.7282105776257852,0.4793956043956044,5.259509154670066,1
0.0027543873455575666,2.0101091765285832,2,4.25,32.444059174081644,0.6074920975258622,0.3303985991972928,12.130799601169773,1
0.12177002583979328,1.3840504759361718,7,25.357142857142858,776.3796716651536,0.15739210362263567,0.21059431524547803,2.9413807323645464,1
0.005162358133669609,0.3818436564742938,10,18.45,7.632963957172165,0.5671580333066225,0.3049994745691467,4.467378536271331,1
0.0,1.8957251103024921,0,0.0,22.05021460439135,0.36829425989857095,0.3061868686868687,1.549594874679724,1
0.016865079365079364,0.7661778097771988,1,81.5,18.477077053116318,0.7002416995412752,0.48313492063492064,3.2163982213979816,1
0.002813111545988258,2.018072212126894,14,15.107142857142858,8.199410942634916,0.6186375102259429,0.30680940364610154,14.106620307227672,1
0.00030332136899044535,2.022897762134334,3,5.0,3.3291625458055667,0.6080330269772166,0.31381123300136493,4.959787493678038,1
0.0036666940812018533,1.0010706480781326,9,6.833333333333333,59.31727051371689,0.47482211419565334,0.22357924171395674,17.085741903152044,1
0.0020038784744667096,2.017939351391017,2,0.0,44.701764105823436,0.7362005092575102,0.5557773109243698,14.55288290369337,1
0.002806217423678332,1.8932395910413784,7,3.357142857142857,34.8371112534209,0.6048754487285777,0.32023454951600894,15.016894980587862,1
0.3253193942086004,0.9214112910369817,2244,36.9605614973262,369.42813308687164,0.08018972559913115,0.142796708759016,1.0934834413573344,1
0.33680419921875,1.4638135197379722,1417,122.66019760056457,1039.8901834874814,0.0832952355962426,0.2384326171875,1.2269155952501627,1
0.013440860215053764,1.4205570310439593,21,9.380952380952381,79.53159427838767,0.602636690184136,0.3930953803265631,10.09963928452978,1
0.18236783596837944,1.3895159288257637,887,32.04002254791432,281.9905442133687,0.23146617622248697,0.2079761610671937,2.798067893785985,1
0.3107958984375,1.3169707574014895,2296,31.24716898954704,587.0805358524253,0.1250819159234751,0.182080078125,2.0764518385527997,1
0.0,0.18884687069819472,0,0.0,2.010917713102744,0.7121201051157895,0.4919717405266538,3.721948675640696,1
0.14388013283432607,0.06934668959574873,745,33.31946308724832,111.7533516794038,0.14029774222034752,0.23792630857624797,1.1768090825000264,1
0.195791015625,1.6147674169728463,2579,10.517060876308646,267.25440113481915,0.16382501923567877,0.1902294921875,2.5013366429351294,1
0.0018929745750937805,2.053070126039203,5,40.8,4.589985372610791,0.5544896573079321,0.2268269809660538,5.676026097597159,1
0.0025025025025025025,2.075661724889002,2,4.75,7.307491031168999,0.5648999131068032,0.2400734067400734,4.906862212656195,1
0.0,0.0,0,0.0,2.6112088521300043,0.6882870638916603,0.42740526740123624,3.220520782283404,1
0.000491973798881111,1.580084002623632,1,0.0,12.528112398998985,0.6920385148263388,0.4025751314272863,27.384942102734577,1
0.0,0.0,0,0.0,2.759353552191458,0.7854349665657927,0.5892207792207792,4.044526650556282,1
0.00022854991799091178,0.0,2,6.5,5.477073033951207,0.5829620705588935,0.2780847516872362,3.664619297518699,1
0.030540314885496182,1.445046261824991,231,21.049783549783548,76.68784133056391,0.4377774910631255,0.22647006202290076,7.003928786001316,1
0.0,0.0,0,0.0,0.16944309945030106,0.9236198349202129,0.8487011604386245,1.4776980575877912,1
0.048607954545454544,1.7492494825676241,273,14.377289377289378,93.48682543780043,0.3424531875064538,0.19589488636363636,7.368440984637242,1
0.005714285714285714,0.9022922589055627,1,2.5,15.5960094510651,0.5002333629406467,0.2680952380952381,2.752355336252406,1
0.0,1.8634005221652856,0,0.0,4.777333507212569,0.5057294939221021,0.22766884531590414,2.985434116115244,1
0.001194649446494465,1.5734198694294934,7,8.785714285714286,18.69370389345135,0.655606723796522,0.38520756457564576,22.08682116726996,1
0.00110951320591328,2.0458937216914395,7,10.214285714285714,6.16693467834733,0.7043129385657003,0.43831957073050043,15.480159483849032,1
0.0040083985493414775,0.36074097947935607,22,7.045454545454546,8.493101589856433,0.5122727866682435,0.2066234014124833,5.0827907846954625,1
0.0019508362629167997,2.0832121105476,6,7.333333333333333,17.747886096872897,0.4885442710480252,0.23234260147011826,15.330094841372004,1
0.1816162109375,1.3168735137097798,1376,23.994549418604652,224.42306891988775,0.1716971686339231,0.16753173828125,4.5736020298283595,1
0.05423095703125,1.2614063365340495,548,13.638686131386862,133.15128039369503,0.21740273745020403,0.214892578125,8.92660179415567,1
0.009948849104859336,1.3483943816705202,8,15.0625,12.936689530713153,0.528802981184515,0.22959079283887468,3.7726712635681348,1
0.330126953125,1.868177338347519,2714,34.510685335298454,879.0539933646667,0.11214350055061514,0.1706591796875,1.3519343561454202,1
0.033510159465020575,1.8195681501732375,233,23.716738197424892,86.380463195409,0.4228521440066255,0.2245531121399177,6.582988253018938,1
0.005859375,1.0515494522126625,1,19.0,10.511269560945381,0.6433874152596537,0.3412388392857143,4.869531080692683,1
0.32410688707572494,0.9192533803320685,2394,29.64014202172097,372.06277972919247,0.08008741353868859,0.1441076297891755,1.0883387032495764,1
0.049984238730692444,0.166043336547654,554,11.752707581227437,57.03692741936969,0.19589181419440382,0.18193758537354207,1.9511780066256779,1
0.005061219541762638,2.0752851459199197,6,9.0,9.969102688280335,0.6492608993271709,0.4113225845557037,3.705123480062132,1
0.004103318949872968,1.551807469600303,4,20.5,35.366906418166764,0.6905573352409793,0.4232719683832722,14.969562509066268,1
0.00016229883486520655,2.0369236152523893,1,17.0,8.286258486237521,0.3936396779657827,0.18212491885058257,2.1446321705024842,1
0.012799043062200957,0.7921214375812583,12,22.416666666666668,12.953289391439956,0.5504207117694911,0.24603269537480063,4.929464684421592,1
0.048395315841010374,1.8222766019165197,290,14.379310344827585,90.4275350074607,0.32115221784179315,0.19545472712375853,3.833147821122997,1
0.003805443548387097,2.156549810084894,6,6.583333333333333,29.880021796875162,0.44758658526037076,0.22822580645161292,14.319412401837603,1
0.0010279212086441003,0.7831212924261745,4,5.5,3.387393099838715,0.6520899252337287,0.3532463186077644,5.759716416222121,1
0.0,0.0,0,0.0,3.5866599442871845,0.6999195106891153,0.4415352504638219,5.092623612557129,1
0.006879136189481017,2.053680268322469,5,27.8,7.297550292879317,0.7068922728590006,0.48878874956461166,5.158905571791285,1
0.0,0.0,0,0.0,4.129824585202805,0.5964728337320988,0.28614806246385194,3.5936876160838365,1
0.0038593481989708405,2.123528049693944,1,29.5,9.292722384056892,0.7684462511415583,0.5508862206975415,8.308692570455504,1
0.004201127528420531,0.801075263484838,28,21.160714285714285,9.041433163060042,0.5809719855323738,0.2828694669020847,11.772170364121878,1
0.005319148936170213,1.4165012655024765,1,15.0,16.820557559935708,0.5448453451446074,0.2327127659574468,5.717925803942504,1
0.0035353535353535356,1.1117560309616863,3,24.833333333333332,10.350748512186115,0.74552260001373,0.5626767676767677,3.8140373877864437,1
0.0,2.25754247590989,0,0.0,11.914359029449328,0.6417199613167638,0.3644,3.1666213810347688,1
0.0064648334214701215,1.7252500664631878,29,16.362068965517242,51.586164974929915,0.6316540862349979,0.36071523003701744,12.861869680617566,1
0.0045849609375,1.6200727210383659,40,6.85,79.77095643601409,0.5454236689047626,0.295283203125,12.061888692567678,1
0.3726699168339547,1.8996415027418028,2990,56.936120401337796,2133.0437166422894,0.034450778811004355,0.1543194921036757,0.8589155421260595,1
0.0025936744560838033,1.4146353936438818,1,0.0,50.12512674034578,0.7411145383343893,0.5379230459307011,12.785052538763065,1
0.31922119140625,1.963544589986623,2013,45.20293094883259,929.5235366423424,0.07895310529826947,0.2722900390625,1.2957269509024956,1
0.0018850344036697249,1.609064527190423,7,20.0,47.6825936263311,0.6002110238388272,0.3280855791284404,17.414189190516414,1
0.22878134796238245,1.5768198072720665,2476,14.789983844911147,190.79341774999466,0.1161470965394045,0.1469092868338558,1.3090259021714934,1
0.03017241379310345,1.0001856543069791,16,27.09375,29.370852397285418,0.4371848410925171,0.20794046336206898,4.1672990745735925,1
0.05554140803225635,0.1867872261203559,583,11.95368782161235,60.665085917872965,0.18896504043086415,0.17215767414716962,1.9529207139474714,1
0.014459978070175438,1.521598091827574,14,5.25,28.460330293721714,0.5090061636720576,0.30496162280701755,4.42443167841463,1
0.002917654028436019,1.8167002343445222,6,6.75,40.24222695077016,0.6949837969718745,0.4639180983412322,13.56309460218263,1
0.0,0.0,0,0.0,3.3434068827152106,0.6510342724768694,0.38625358680057387,4.236119822530441,1
0.22372802734375,1.8776089290543752,1892,20.16120507399577,206.1050414814842,0.1306590432923348,0.1610693359375,3.577866250037382,1
0.009946949602122016,0.0,1,63.0,6.868951700272202,0.6157220165632833,0.3111737400530504,4.051691970619025,1
0.20224025974025975,1.3772012248694465,1944,15.07227366255144,210.6416089420679,0.11865016198861877,0.13694805194805196,1.978835771769782,1
0.14333651578119735,0.11115990823622499,713,30.985273492286115,112.98848109746373,0.14001390493921057,0.23907390767157138,1.1813597648220753,1
0.0,0.0,0,0.0,4.205808146596866,0.5469270060320381,0.22060019217976198,3.0104786872716573,1
0.27974076704545453,1.6591492251044688,1926,15.01791277258567,787.1845075913301,0.08248770754006925,0.1611905184659091,1.4638735902985998,1
0.1522893591772152,1.5391943056065087,1169,25.32164242942686,160.56228728088797,0.1609378883018483,0.1881551621835443,5.983749063724794,1
0.0035460992907801418,2.15353163712004,1,0.0,17.281538477447057,0.6279431960553237,0.4089577551649707,7.862771523331863,1
0.0036027568922305762,1.0006405898941548,13,11.153846153846153,7.38939170845415,0.6968847882500653,0.443640350877193,9.42226036931959,1
0.2984130859375,1.4317481740563216,1754,49.296750285062714,405.9421598971329,0.1536386279843152,0.1661083984375,3.236736846596405,1
0.11029411764705882,1.388128606408069,3,4.166666666666667,1338.3147733993032,0.15910749983146194,0.17830882352941177,2.03284204408827,1
0.008255183687516132,1.185403167467493,25,34.56,53.73520432892374,0.564144463754733,0.2742149186956896,11.885243992911972,1
0.3056426332288401,1.9712211286275383,2088,35.28855363984675,299.2572812313996,0.0890974940029793,0.1465886910747028,1.2630908637358398,1
0.06499696048632218,1.0985904153642736,388,8.439432989690722,74.78203669770298,0.1787115741841477,0.14120364741641336,1.8398769536501136,1
0.0,0.0,0,0.0,2.020989044371644,0.6634302019004803,0.3764727159983464,1.6186157010776183,1
0.007138340710173384,2.0522638104994253,49,8.806122448979592,11.665832021142672,0.4878633756318438,0.2154397816899065,3.7529512289908866,1
0.0011492532055798225,0.26153231983147596,17,9.941176470588236,3.9216190060213165,0.6704070019296475,0.37908623361983934,6.218048674631532,1
0.315478515625,1.8041389323518946,1679,64.73913043478261,423.7096442104741,0.13545107716759314,0.1631884765625,2.2395336302127298,1
0.35291015625,1.9883052858302461,2702,51.06754256106588,1238.7606039810216,0.06836353478704739,0.15107666015625,0.9724851573208578,1
0.023044517102615694,0.8144445904160226,14,19.25,21.616856228671573,0.46370081820213493,0.22079351106639838,4.15255719407838,1
0.0,0.0,0,0.0,3.1068940566049057,0.5906854409162923,0.2687299259879905,1.7672952945509874,1
0.0,2.214273655299838,0,0.0,6.633891527188809,0.6483325186272589,0.3611904761904762,3.8562618148506895,1
0.0,0.0,0,0.0,4.387167932905781,0.5604070691286109,0.2693592180287809,2.3493851728343436,1
0.002486817994839385,0.9698406113904359,2,3.5,54.204143910581436,0.5577759632815051,0.24579297707639955,14.456642181956267,1
0.0,0.0,0,0.0,11.58907930045918,0.4872945719001185,0.2968181818181818,2.9891246695749514,1
0.0014968111414811922,1.7304736221609323,1,0.0,24.888543716020862,0.631187524449645,0.3126708317063647,19.828447097665688,1
0.009810889980184371,1.3109064242224877,27,15.5,107.66892110744524,0.615812230597987,0.3129146204876368,9.48341687615105,1
0.20151980010121456,0.55963760145138,1554,23.25772200772201,154.93507485771727,0.13387719680270646,0.15465534328609987,1.405397631168837,1
0.002095318122077866,1.7997790650955503,10,7.25,41.755206460736915,0.5772117476899303,0.32005041690905567,17.446493747537037,1
0.002896083306309228,2.0557929558875494,8,8.6875,17.165297818195846,0.62285847309354,0.34248549706338055,16.231496805365662,1
0.0,1.2129554218120528,0,0.0,22.522022022492422,0.39932963562991053,0.21414728682170542,2.402066610104196,1
0.008985479053907152,2.021279082539614,57,25.657894736842106,12.066403366599811,0.6653007659782575,0.4172397615315078,5.268417459888625,1
0.0,2.0367177769353284,0,0.0,2.8969641339372956,0.5599841554664718,0.25139065521056275,1.0606772228524977,1
0.15280517578125,1.2692822569551214,840,33.32380952380952,205.7911125473076,0.17074554839034925,0.272109375,6.896518794605577,1
0.0,2.0303739506583356,0,0.0,16.38744912241446,0.5957299738127126,0.32709750566893425,2.8398983489780862,1
0.005472117456896552,1.4245593129921759,23,16.956521739130434,52.15012230049503,0.6308755971276141,0.3664466594827586,12.604534547096224,1
0.0,2.264548429043134,0,0.0,4.5616925072937375,0.7311861842494176,0.4787037037037037,2.6337771756793695,1
0.28322013235806337,1.99999120441602,1182,36.3502538071066,255.84187613810332,0.103383594816719,0.16953660164867063,1.238181624313608,1
0.14328668443767453,0.05929107132554902,711,34.09282700421941,111.94330732799648,0.14071096334587813,0.23830868663789456,1.1669519802545307,1
0.0015957446808510637,2.0028735067068064,1,0.0,58.24626047062991,0.669263695926736,0.4360900612066453,16.517716817240167,1
0.028076171875,1.7510774873519837,227,18.715859030837006,140.07992379416567,0.2955570172523475,0.22163330078125,9.912676949801952,1
0.23064985150965187,1.9794571646148396,522,50.951149425287355,257.7967135385132,0.13868570760326945,0.21677012869163503,1.4506035047768746,1
0.0,2.0985163006119834,0,0.0,4.133275447482958,0.5544219854317127,0.22543041606886657,2.830791195382882,1
0.0020983716635890547,1.81774775832523,7,3.4285714285714284,45.37715798257523,0.6376744436788963,0.389141117401987,15.521917189216577,1
0.0,0.0,0,0.0,4.85038188358566,0.7199224810550241,0.4820520800912958,4.844209868939542,1
0.02728271484375,1.5498946807027014,281,11.195729537366548,116.28771812718689,0.25629431241372513,0.1916943359375,9.54119995688354,1
0.002939097193129451,0.0,25,9.6,6.905287045288803,0.5580693577237515,0.2525332530372853,3.793931697635768,1
0.0,0.0,0,0.0,0.8559555093350151,0.8518082271101579,0.7022226443768997,4.251422120486713,1
0.004993496841322928,2.069651034228339,4,45.875,22.706976712178978,0.5888719580321726,0.32743403939056115,11.887708139613405,1
0.0474755859375,1.555427318100218,343,26.908163265306122,152.32178260963445,0.3834969876748373,0.23915771484375,7.9549340187349005,1
0.0,2.086104321220998,0,0.0,3.513751636063474,0.5737758094958525,0.24711844197138313,3.879944600480009,1
0.0045736434108527135,1.226060061431455,34,6.705882352941177,72.60900002059151,0.4794577981116242,0.22919767441860464,13.963566560522715,1
0.009668887147335423,1.1760658943082687,142,7.443661971830986,100.96910310914268,0.2504184922250019,0.2102444161442006,11.195595879666616,1
0.313564453125,1.5126816789999598,1312,101.390625,736.7397394618632,0.14766498398978992,0.2191357421875,1.2833702407720042,1
0.001515302066772655,2.060806298766553,2,76.0,3.6349891464497914,0.623878469248264,0.30186804451510335,5.300304197765968,1
0.0077066269545793,2.1224702193932186,10,7.0,21.24666131381035,0.40561479523517885,0.1824832464631422,10.841499156040502,1
0.0005271644753162987,2.026828687783856,1,0.0,10.199848439244558,0.6482953556643236,0.35481270156288763,24.109795015292043,1
0.017598039215686274,2.040685493145421,24,10.666666666666666,22.930185987613612,0.507871403023826,0.2448856209150327,4.140672378503626,1
0.135810546875,1.485795104776235,801,29.65917602996255,231.31405940609557,0.156338166026806,0.28525390625,8.61092411748888,1
0.28074462890625,1.2990007377330146,1638,41.94139194139194,323.0296393558412,0.1522045095387164,0.1684716796875,4.521988151038039,1
0.0030327868852459017,1.7496672352209377,11,16.318181818181817,85.52756224085823,0.8151333571856112,0.7000589139344262,13.306377553358653,1
0.012433906146728355,2.045043672469679,19,12.81578947368421,30.107812977954183,0.5531376144487147,0.33208030403172506,7.197532380215867,1
0.015249418454380976,2.071320326250656,9,15.38888888888889,19.75205329208326,0.4607115228206778,0.2321013181700698,3.5139849469267026,1
0.17354332669322708,2.0285035493321866,708,33.92090395480226,123.23481025153438,0.23063348928396926,0.18900336155378486,1.3024385235920595,1
0.1411103920118343,1.8916804497236537,543,23.37476979742173,103.132214462832,0.1821041230714455,0.20832562869822485,1.5572712502990063,1
0.010770381451009723,-6.716206859004574e-17,67,8.395522388059701,14.154871714702141,0.4683518415543372,0.20264584891548243,3.8159635036777644,1
0.005250864066238748,0.0,13,45.88461538461539,10.635830089460358,0.452771859034075,0.22123893805309736,3.9511472430338377,1
0.15542724609375,1.7173191312698608,1043,28.2967401725791,227.98770481507287,0.19747972179311352,0.171494140625,8.298324906279065,1
0.0026645531400966184,1.3048824315890395,10,7.1,50.35136828556591,0.596926694885126,0.34836201690821256,14.216522567748024,1
0.018646546803652967,1.334805644346734,85,16.823529411764707,68.66702490243468,0.2894659851183316,0.27348387557077625,8.241513690560264,1
0.00783995879287359,2.048694701870774,26,19.73076923076923,18.15457332378097,0.617336233288341,0.3732237001575567,9.032508916876573,1
0.0043097527472527476,1.1912047115484914,20,7.9,37.93280921982633,0.48663775348654253,0.21399381868131867,17.25678190897387,1
0.0024581883488607025,1.4341933038646633,4,10.625,33.78537066591264,0.40013530300177746,0.18532944213716465,12.829932354421123,1
0.0013722554890219561,2.0258110280362547,3,2.6666666666666665,8.330685814585351,0.6097841844181117,0.3615496280166939,11.371333775599918,1
0.0009173830991822184,0.0,7,5.0,4.581256053138407,0.6131880793338071,0.3157370517928287,4.179659445315862,1
0.0,2.263171384076513,0,0.0,1.645465603236426,0.6453803861206528,0.3091905051734632,0.9120941999922444,1
0.022354388843314192,1.059476109469721,21,9.69047619047619,27.759035063785117,0.4727459787687781,0.21410992616899097,4.476778695304582,1
0.13817594043887146,1.9816692693015414,845,29.467455621301774,117.84661609864403,0.1654060636106775,0.2583880289968652,1.499067300619502,1
0.07521658415841584,1.2426675718143056,420,26.658333333333335,152.72112370402004,0.17130892600669756,0.27269492574257426,9.894348971833741,1
0.0024596774193548386,1.5569935261920484,1,0.0,76.61231915104023,0.6443343142969806,0.3794086021505376,13.87468939131607,1
0.0,0.0,0,0.0,11.298939689745342,0.5397761705593174,0.256140350877193,2.254488448994388,1
0.0,0.3818436564742937,0,0.0,5.714008085546802,0.7243502104452328,0.45085995085995084,5.068825339157975,1
0.03503401360544218,2.1364907469025476,1,21.5,33.81719681293636,0.36765857829516285,0.23299319727891157,3.106459614322777,1
0.0020897581561434833,0.0,4,10.625,5.688895424847365,0.5395148627327881,0.23391089108910892,4.437420391934981,1
0.00552978515625,1.872491171791356,47,9.946808510638299,57.62571008407136,0.48670694722066576,0.2375927734375,11.376537503774982,1
0.0071306836452504985,0.4565551403373557,29,16.724137931034484,11.579487643164043,0.512452415512841,0.2260917100778185,3.6056738894440223,1
0.00912085843373494,2.025861491268213,33,26.863636363636363,37.08791110392427,0.5441755993408237,0.2631024096385542,9.186529960463897,1
0.006975214621988369,0.9704598908060559,24,33.291666666666664,11.678208893444653,0.5960473029461145,0.3076234076433121,9.260730929475338,1
0.1789846199059561,1.88824957199955,1312,27.317073170731707,173.02522386194397,0.14751757454939768,0.1962137539184953,4.916572834333102,1
0.010747950819672131,0.29248222767243937,180,9.475,15.24967173023247,0.5282849287615099,0.22369193989071037,4.591526683047655,1
0.0009670916421488504,2.007850278431445,7,9.571428571428571,5.38751889229464,0.5577207397837046,0.25153917402201154,4.246025572535941,1
0.0,0.0,0,0.0,6.084804338096609,0.7461569923451361,0.532844387755102,3.378372910026202,1
0.01555859137826351,0.7117679909584778,18,13.277777777777779,14.813167217913517,0.551637587128869,0.25490791337785873,4.616388872741917,1
0.0,2.2044735626056915,0,0.0,3.399260384907049,0.6053731975829295,0.31547619047619047,1.5495279372167672,1
0.0033108445777111444,2.2176464940675764,1,0.0,39.78391013649457,0.4509830988118025,0.2916666666666667,10.00413111606789,1
0.002767354596622889,1.8160180366961485,6,34.166666666666664,8.116401279414951,0.7190484635181287,0.4781425891181989,16.759001547357414,1
0.002672955974842767,2.253710241120842,1,17.5,12.205667103750686,0.5793485273961869,0.2787735849056604,5.9905174799226275,1
0.13999127894758961,0.10611187774591899,750,32.379333333333335,111.10765247849048,0.1403926141412241,0.2386284831673181,1.1913113068657841,1
0.008004107768515163,0.9948705253226733,31,29.032258064516128,24.66912949395884,0.5548653195528435,0.27025693689339936,11.260530038776672,1
0.006546454198117603,2.0716824906620634,8,11.375,12.684726104931936,0.435334701810635,0.18789022458298388,3.503321433331685,1
0.0035595703125,1.7689727923561784,30,5.266666666666667,62.837411234514775,0.3936657604936515,0.220234375,11.28263666344993,1
0.006656346749226006,0.8977279923499916,4,4.25,12.774856717616753,0.612703480436048,0.3815789473684211,4.648738899909009,1
0.14159145139537296,0.03757634369054191,738,32.7920054200542,111.54448212491994,0.14033664518255945,0.23885257806826435,1.1736877872772347,1
0.00013117533096545044,0.0,1,6.5,3.048154581872165,0.6391018003267087,0.344547142395867,3.7056858730081457,1
0.0,2.1595343769468234,0,0.0,2.058898312114412,0.8005414856703803,0.5813570487483531,3.3030526085439718,1
0.0028716913121837884,1.3338004365334193,11,14.272727272727273,27.71226269671483,0.7792693403312894,0.5929472564219487,18.947442513839494,1
0.0,-0.0,0,0.0,5.906771933436652,0.6931788795564903,0.439375,4.502499600503186,1
0.001817908653846154,1.3874275254626156,2,4.5,28.325729334868303,0.6187552710000551,0.3324969951923077,17.131315057515014,1
0.29178370786516855,1.501064181421386,1855,17.40242587601078,1139.864368432009,0.07298048118866945,0.18623595505617976,1.4728746651755997,1
0.2592803973656539,1.8454066831719789,1185,42.57257383966245,483.3381219827924,0.12138840067214321,0.19565277547180254,1.4596260213900474,1
0.020833333333333332,1.4256310059949564,3,8.333333333333334,66.68947891488352,0.17381264349290854,0.204004329004329,1.0976723523838925,1
0.29817626953125,1.2619289093136792,1771,43.948898927159796,371.8566079936529,0.12793315139161954,0.1746142578125,4.236310906063802,1
0.00804443359375,1.6432020657561512,72,11.291666666666666,140.27629417532222,0.32366481263307834,0.258740234375,11.328983612116843,1
0.01987548828125,1.1351564905749214,129,22.72093023255814,122.06911849811499,0.21548505658289907,0.27119873046875,10.705884360426726,1
0.0026422764227642275,1.9062523564276646,25,14.46,22.37952264571949,0.5306900267392747,0.24233599663582842,18.746882280352022,1
0.001239067055393586,0.5666777221144242,13,11.038461538461538,5.169558553757541,0.7722692599595464,0.5903952057013282,8.395324000565209,1
0.37752639592393195,1.904201957008674,2714,63.531319086219604,2037.8107678667202,0.034574509101829534,0.16640627332344834,0.9062107912010208,1
0.006416749011857708,1.7266655562698578,27,21.574074074074073,80.68558237552179,0.5297747023094408,0.23377285079051383,12.935652838884648,1
0.0013276434329065909,2.076351820947456,5,11.9,4.266232658936528,0.5757196089162495,0.2819740793425004,5.427535821496325,1
0.36333757836990593,1.843423111057038,3351,28.777827514174874,1514.0044776303698,0.04151460451409372,0.2099505289968652,1.0208924146499752,1
0.0036363636363636364,0.6561652652760597,1,1.5,7.765922934433545,0.819537860019688,0.6362121212121212,8.788556816918433,1
0.0,0.0,0,0.0,6.489334211720764,0.4960062435265172,0.2222222222222222,2.6204941821316545,1
0.018342056650246307,1.405263342052501,123,15.6869918699187,56.51273651377057,0.45191172749857755,0.2184074815270936,10.442525652024468,1
0.002845110268115476,1.5842346499814839,11,6.7272727272727275,5.970179999569971,0.5569285671497494,0.23252748665852246,5.811099986803029,1
0.18939697265625,1.1695768912363362,1004,35.427290836653384,241.72749878591037,0.1353572092449694,0.28463623046875,6.442462481808954,1
0.0,2.258033003742055,0,0.0,50.46073654453881,0.2044165230223548,0.2412037037037037,1.2161724488021672,1
0.0,0.0,0,0.0,2.8875985563943214,0.7766425344399059,0.5691287878787878,4.923890440722705,1
0.04742578849721707,0.4871080508671401,373,18.687667560321717,65.28495270619493,0.1984194496582173,0.27581426509997936,2.6490172769351896,1
0.001386001386001386,1.9801412024671117,2,8.75,40.911558451601486,0.6616475762310612,0.3861795861795862,18.192403080046308,1
0.0017598295743991108,2.0530748984579916,6,13.666666666666666,13.032788810579138,0.4888169275760158,0.2366391886259436,14.073049750960784,1
0.0,2.2457637380991766,0,0.0,2.769467915064575,0.655233439875853,0.3745833333333333,1.5573228490299202,1
0.0,1.553016245322715,0,0.0,12.150793336894445,0.5845793053552433,0.3323529411764706,2.857695488929384,1
0.0002811234944275076,0.5871385130860235,2,5.0,4.049820234377107,0.5150550283170499,0.2008096356639512,3.5350225415861773,1
0.00036607831714191244,0.11533641743680065,8,6.0625,4.22738936127328,0.5456938991269696,0.24246587205366,4.981525975515136,1
0.003409629981024668,-0.0,13,6.346153846153846,10.180528426380938,0.4629520356836956,0.2273037239089184,4.164357594189985,1
0.14355813441980791,0.19368969630547386,754,29.47480106100796,111.60581275361922,0.14041167475818495,0.23866219089414203,1.1729619386246088,1
0.2708656012390876,1.9034322548457268,1058,54.7930056710775,216.94808178862976,0.12388285480075724,0.16940063831784474,1.2836260045503312,1
0.003070887445887446,1.282741670780982,7,9.571428571428571,107.42614307210603,0.640831243272867,0.38701975108225106,13.628598654905899,1
0.024318033751549922,0.2893666384893118,263,10.171102661596958,48.3572168735637,0.1981764477885415,0.16059306895319758,2.2748721268871326,1
0.0,0.0,0,0.0,1.6874497520476757,0.8050952867433985,0.6214024825616521,5.2895702679999665,1
0.008998119795863551,1.7189035197568578,1,0.0,226.33854594745546,0.68235378291715,0.4642761214074671,7.224124465385753,1
0.01412194293478261,1.2007585828674752,25,17.38,93.38801789134101,0.8177069539624433,0.7139521059782609,8.497127680046178,1
0.041212480869538055,2.0418285780927437,220,17.28409090909091,46.06058010548622,0.3809045091912632,0.24007168066964424,2.219253989443319,1
0.008527378570129161,1.1104512511572036,10,4.85,181.48469066291054,0.43837312862020184,0.22014280516645443,10.034508408448009,1
0.0058796069888409725,2.0320971905836682,8,25.5,18.40537124744681,0.6382662423917786,0.37576690525941403,11.844281342951989,1
0.0,2.266600723546134,0,0.0,3.7296558590838336,0.7005248283717973,0.395,5.301255008999252,1
0.017241379310344827,1.2807354922057599,1,9.0,63.9656916642181,0.22241891785830756,0.19137931034482758,4.638590626307645,1
0.0048691644365150165,0.45499464296016545,28,5.553571428571429,14.625732516718312,0.38577795975463997,0.17673951828724352,4.651649655524234,1
0.009337572539819731,1.2419062370980145,46,23.967391304347824,52.69688986741707,0.6607452901040711,0.43286722640655223,13.995422612030175,1
0.01455026455026455,1.70947375050481,2,0.75,22.308767566346305,0.4267018056683972,0.25,2.728262552613711,1
0.0007791195948578107,0.0,4,5.25,10.31674990579022,0.5000409724357281,0.23502629528632646,2.1472162196520435,1
0.0013157894736842105,0.4174182992696235,11,3.0,6.751460715714679,0.5317859566009918,0.23679050567595458,4.654636928484325,1
0.05057471264367816,1.18423503434138,4,2.125,622.6613728235324,0.18586819759465428,0.2045977011494253,3.597049826963445,1
0.0009788359788359788,1.4877675302970204,2,6.0,8.632756118118126,0.6172882098029853,0.3521164021164021,3.5133254211669915,1
0.0,2.1751651890604777,0,0.0,1.1498287671715135,0.8175381966421853,0.6235930735930736,3.024958565481452,1
0.0017242427004527086,2.0515382897006056,7,7.5,16.839751337156475,0.5335664863196538,0.22523015221948775,15.026111604018975,1
0.0007092198581560284,-0.0,2,5.5,4.693629075180025,0.6194844212069762,0.31947626841243865,4.4520758027251235,1
0.0025882390417940877,1.3912632779629814,11,6.181818181818182,41.95968538924692,0.5757323758197612,0.2983960881753313,15.626930152979432,1
0.0,1.8389177173675275,0,0.0,6.642979822747883,0.5926312040765118,0.2881944444444444,4.17781158074474,1
0.00042950513538748833,2.8502198590705445,1,0.0,13.528257926959222,0.6762670451891974,0.42017740429505135,32.12322541485533,1
0.1455322265625,1.7353324709562121,839,31.68533969010727,249.32757597736102,0.20261255752177448,0.26147216796875,8.21408565804137,1
0.001658069270449521,0.33903195956691873,33,10.43939393939394,6.972830676804139,0.5285110576858809,0.2232384785443002,5.16718396862829,1
0.015147523709167545,2.0181105195176285,103,12.12621359223301,31.713545640535713,0.4421742774160609,0.20642205611169653,9.989260468874566,1
0.0,2.3272817284396106,0,0.0,2.5362424928088516,0.6443539308493949,0.319015444015444,1.201814006453259,1
0.004060778024508594,1.6504128229002006,5,11.6,83.8652135052921,0.5123673126215615,0.230693313594868,12.875221399217745,1
0.0041545893719806765,0.5382416904266483,4,5.625,5.755185574609159,0.7223017142913164,0.5210628019323672,5.231999209727523,1
0.0066614420062695925,2.028669921751787,16,7.875,27.906916991714194,0.44088003704062817,0.19633442576232546,13.269354876096425,1
0.04139080733507978,2.043866027326482,220,9.034090909090908,77.3351365208933,0.2201312145265214,0.17103477018337698,5.504121714405643,1
0.0,2.0283670496281325,0,0.0,4.943407041183002,0.7255861741412102,0.49174107142857143,4.247990897335451,1
0.004306187129667907,0.0,28,8.357142857142858,10.270560060347481,0.46879866754572774,0.21528351936061735,4.002619106459851,1
0.0,1.3374170447988347,0,0.0,4.584191138387024,0.508325797028422,0.1996978183962264,3.149674261721872,1
0.0009381743127873159,1.4520571926345223,5,6.2,10.009533615222287,0.5068742119274154,0.24147043187290865,2.367022158500377,1
0.02146814404432133,0.941076759271681,9,16.555555555555557,21.513889226687645,0.4625760664101664,0.2249769159741459,3.1350513429547107,1
0.008608490566037736,2.190769597188419,2,52.5,7.772273660505008,0.6540710788128457,0.3613207547169811,4.4259566959340235,1
0.0031104146771221437,2.022537666555374,26,7.480769230769231,36.39446454692806,0.5192089652600312,0.2231697311256675,14.31102059435167,1
0.015598925475192316,1.2136577036944867,24,8.0625,79.83967363453812,0.750037064498563,0.5720725304245187,6.1973732968154005,1
0.013073593073593074,2.11223346586208,8,15.25,55.40109246346404,0.6634297928784515,0.4312121212121212,7.407835421062083,1
0.146826171875,1.798338074039892,800,32.21625,172.3138380495169,0.15589920350614117,0.27439208984375,5.950776123833134,1
0.0727392578125,1.3252187833921922,458,24.736899563318776,147.21437277434217,0.18621715740491568,0.27790283203125,8.218247107619973,1
0.0006887052341597796,0.0,2,11.75,2.433687263415934,0.737278085262821,0.504771743408107,5.106002869159036,1
0.00617906683480454,1.430347139724766,1,0.0,117.97282718619276,0.7093849073237287,0.46885245901639344,9.333953996862324,1
0.002107558139534884,2.0025662298110305,10,7.3,9.803685864360832,0.7055364485964339,0.4775769137596899,12.490129975345624,1
0.1852529761904762,1.538078172284964,865,40.146242774566474,167.294792470006,0.2251275057184791,0.18964285714285714,4.616866233006645,1
0.0,1.0740834826145258,0,0.0,8.679457557408794,0.6666150112734801,0.45127551020408163,3.5082609304018146,1
0.0021071428571428573,1.3912998108890133,5,7.0,41.866449073908484,0.5469405456821744,0.2603095238095238,16.044798894590418,1
0.0007517769272826681,0.0,1,21.0,4.742612905553883,0.81362092707719,0.6589324767632586,4.370547372743558,1
0.244541015625,1.9999999999999991,1365,38.72380952380952,212.94673032239643,0.172738653491893,0.183681640625,1.4917903289338736,1
0.0028609802767147483,2.0962688330713086,9,6.166666666666667,16.57782474055353,0.4541897398800426,0.21667095967029731,13.753556406137509,1
0.2645539140065662,1.7238787048322677,3788,11.331705385427666,1033.6993874454138,0.08095019012501367,0.1427529567659507,1.507804985000795,1
0.0,2.0366620630617547,0,0.0,3.7522230248492576,0.551350118373828,0.21768040113363854,3.5802893453522078,1
0.008172713529856388,2.132504813706191,4,5.875,58.70138949462454,0.5887839262157499,0.3587018140589569,8.61578169114097,1
0.004945131753687006,2.0462235529068686,2,94.75,6.520092488225444,0.6452363620657521,0.38145662962186344,6.3351462731781965,1
0.3428173828125,1.9361568697762908,1923,92.47035881435258,1668.5253359615394,0.09365552392919133,0.20655029296875,0.8572953748907488,1
0.07042236328125,1.7046225272537574,616,14.32711038961039,108.58147415020713,0.23945236280090104,0.1757958984375,6.433370721131454,1
0.0007154213036565977,0.0,5,4.0,5.868986146912791,0.5165146324989004,0.21357313195548489,4.348692203370668,1
0.14328131545873482,0.11108679695193595,730,34.605479452054794,110.99319535011124,0.1408366121540965,0.23966799329702557,1.1795058240774179,1
0.141602326811211,0.10528079916660081,741,31.922402159244264,111.59375781187573,0.1407056096182474,0.24191168693812798,1.1853094071474686,1
0.027296626984126986,1.5393769069099101,236,13.940677966101696,96.06077346769166,0.21604080773937784,0.2967063492063492,9.817325403623757,1
0.00464797618343487,1.4560059301966006,49,6.030612244897959,78.7619847960037,0.29494205658942524,0.20668214349086178,11.954521694622485,1
0.3685400390625,1.8658503618893456,3224,41.075372208436725,1573.7855878416244,0.04068929260661538,0.15776123046875,1.1534765910635405,1
0.00046046323863349647,0.8674114289011003,3,3.1666666666666665,3.629801799041426,0.6579402426398515,0.3481606701317051,26.49066291266249,1
0.004356735566642908,0.1428571428571429,53,9.0,8.81526365450431,0.48941760360043096,0.20962223806129723,4.440489301778588,1
0.002275451760422679,0.0,12,7.916666666666667,7.4624819030165375,0.5345472920240867,0.2316631887403987,4.087659829756156,1
0.3696126850811301,1.7652907334574095,3743,28.846513491851457,1312.594879350439,0.04189266215732556,0.14977770548687921,1.1961656391248334,1
0.3094986155063291,1.079160263747642,1844,42.88774403470716,360.1854716509915,0.0898107745073155,0.18041930379746834,3.9372824581414716,1
0.007615546218487395,0.8137705448954904,7,18.714285714285715,6.081549683623078,0.7546817607394849,0.5889355742296919,4.925790402963614,1
0.376796875,1.8020683548425225,4464,27.773969534050178,2051.895737794076,0.03267003892392687,0.1674951171875,1.0786624221902554,1
0.003897392290249433,-0.0,7,21.285714285714285,6.477710428238595,0.5842322634409147,0.3229591836734694,4.233462190638944,1
0.007949412827461607,1.0123376722253765,24,32.958333333333336,37.564073813551104,0.6270846758697872,0.3272422248032004,10.9654997965282,1
0.24357177734375,1.8283059968645121,1445,35.79134948096886,238.86453017724315,0.14121097177246703,0.18717529296875,4.019175409492881,1
0.1829052734375,1.7393953727831444,1648,19.777912621359224,208.9048344285889,0.1924569824943248,0.15510498046875,5.280646919257172,1
0.0012360135310954983,2.235362127972187,2,2.5,6.546966426425387,0.7840834201059568,0.6187548790007806,4.357457793376343,1
0.06138384941630378,2.0241253578692695,296,24.71114864864865,70.34946759960918,0.21328060366315882,0.27829118143519765,1.6934673255754173,1
0.0068390103838892385,1.2931737271003059,14,62.535714285714285,43.27351035375875,0.7442735369893703,0.552302942101951,14.027723749024036,1
0.0019594507060500064,0.0,6,16.0,10.73538642648013,0.412489039457658,0.20784751910869284,4.204942367993388,1
0.0032101859587239704,0.24696731970784921,29,7.775862068965517,7.983571890649212,0.5087030870097126,0.205583402951824,4.967950974252687,1
0.06316685173562497,1.7505547415787595,428,24.031542056074766,80.20298158091072,0.3029730641886802,0.21228817650750736,2.919085426210844,1
0.0015664409929642905,0.594805471442164,15,11.9,5.114860535428461,0.7084963164602884,0.5183028010088943,7.776869056612865,1
0.0,2.1967583446776473,0,0.0,2.15810643688387,0.6888468512865938,0.40163170163170164,2.367950363835854,1
0.2648583984375,1.2935081622213151,1723,33.95240858966918,312.80815353059484,0.15503818633938216,0.170166015625,4.724150678381463,1
0.0131171875,0.9632346742572953,33,5.348484848484849,79.98622233739667,0.8500803326126309,0.770734375,10.530233438013754,1
0.0011618815966642053,1.9958740800410624,3,5.0,7.0397152842051165,0.7051304578915327,0.4421448117100291,23.42332271272809,1
0.011363636363636364,1.0292792565436637,2,43.25,10.496444586900918,0.6362589653222934,0.3425071022727273,4.7790410810053485,1
0.01774833463949843,1.5081869383479227,124,18.47983870967742,162.39975157074588,0.21669270339440347,0.25494220219435737,11.171654742259955,1
0.007878151260504201,0.0,10,5.65,14.608297748517547,0.41149081584484526,0.19699754901960784,3.548077935870199,1
0.01276611328125,1.4687528159243652,137,8.653284671532846,118.26687487037553,0.2427691306387259,0.19549560546875,10.39011231196841,1
0.0,0.0,0,0.0,1.4563917506169166,0.7195872701682647,0.4365079365079365,1.4115648816396116,1
0.0031298828125,1.3038153723608297,4,0.375,44.35927529161508,0.5832383269647311,0.30904296875,12.536524773129313,1
0.0,0.0,0,0.0,10.899506635549594,0.5198523544643132,0.29008152173913043,3.1958046380272767,1
0.0280735697492163,1.5711919352296826,181,31.052486187845304,86.6580134195667,0.4636487545171514,0.24283405172413794,8.711824552524122,1
0.0015659041394335512,2.0295898692554633,8,12.875,4.5586408465611505,0.5945173114355565,0.3012955182072829,5.7834473637965695,1
0.16276846290134395,2.0523739787350053,395,32.45189873417721,197.8781810413262,0.21888094852571452,0.21842184866686834,2.2014391167663008,1
0.0034282840048710755,0.0,3,1.6666666666666667,11.896983376917849,0.4728019966583625,0.2367501456027956,3.265151613776288,1
0.0,0.0,0,0.0,1.9521684355357078,0.7587445161639518,0.534484956654768,4.449686539313495,1
0.014591397849462366,1.5652618794744753,86,12.674418604651162,19.44629954511487,0.48375983280534157,0.24250537634408603,3.7718101592063724,1
0.002273696177348302,0.0,2,3.0,8.974180267531441,0.5095940378250807,0.24391075742503907,3.6274820032773856,1
0.05433333333333333,0.22340192251609609,576,11.96875,60.09233712818214,0.18923332188860398,0.17200819672131148,1.9301106777900483,1
0.041193181818181816,1.1846992076109606,2,45.0,36.99681762092385,0.5818031465379817,0.34327651515151514,2.689245479949785,1
0.004447565543071161,0.8363178738946326,4,5.375,6.956662950124079,0.641513829241456,0.41109550561797753,3.881635385313766,1
0.002272436307771092,0.7212898418502169,2,21.25,7.4228349966880955,0.6913879105931183,0.4817564972474715,3.5850763735775883,1
0.003068794964028777,0.0,12,10.791666666666666,9.338873154468295,0.44031869269760016,0.21903102517985612,4.401119954589051,1
0.007267441860465116,0.9553194819581523,1,14.0,8.98152850884015,0.6246948090969182,0.3535610465116279,3.6648750146536853,1
0.03179373615944321,1.0182239149806847,15,8.566666666666666,131.9663706149815,0.5524632265233309,0.33248971844353054,8.245535329695976,1
0.13878304171712533,0.20971000008241802,757,30.528401585204755,110.35793793046315,0.14133451282572373,0.2388112289639621,1.191643700806825,1
0.0030603642086330933,1.012495644947002,14,6.571428571428571,47.03106787829072,0.6394707840894721,0.3929153552158273,14.728506088820172,1
0.005434782608695652,0.8982280604558284,1,27.5,14.405615807653053,0.7436921151576757,0.5255016722408027,7.671795127713846,1
0.009294496487119438,2.3482969382076875,2,3.75,142.59662308022564,0.6437849090883261,0.38063524590163933,8.40225324031789,1
0.00706436420722135,2.145634159548847,4,30.5,11.919467539115711,0.5892365479852925,0.3194662480376766,3.783894458243717,1
0.018339155287392824,1.9147929597478421,18,11.416666666666666,20.089615077989556,0.3965657651315485,0.18998094633216894,3.2901340053043495,1
0.005196414950419527,1.5464904343656585,12,12.958333333333334,57.69365524209713,0.4781392286484216,0.2305301296720061,15.446916575955742,1
0.18329653446205815,0.49180096680846186,1668,19.960731414868107,140.54401008315,0.142166859181098,0.15855650068171181,1.4356416060339166,1
0.239033203125,1.562968041031701,2348,23.62776831345826,738.9482726155461,0.14710534161893826,0.192685546875,1.8143039768392526,1
0.31788330078125,1.944508494349019,2664,21.461524024024023,1002.2127888204318,0.08978773311250085,0.30013427734375,1.1676524831929609,1
0.015314472761281272,2.119319262681255,15,20.566666666666666,15.242749912369419,0.5010701195705134,0.22708674304418985,4.5375971502700745,1
0.02096923828125,1.0543633027869217,176,13.102272727272727,147.71763930870347,0.22869806355050779,0.29857666015625,10.745922321474415,1
0.006121080858085808,1.478279021651684,26,34.40384615384615,33.45071593094073,0.7656029377474616,0.6205084570957096,11.604596986610446,1
0.007866397442369173,0.9166700593924482,49,18.602040816326532,27.31645814085687,0.5114786276385144,0.21954400134612148,11.358729752509081,1
0.0,0.0,0,0.0,3.449411398638918,0.6351361487523355,0.37221074380165287,3.4862302044715876,1
0.0019611701429883247,1.1685959077415036,7,5.428571428571429,28.592770940124247,0.6458303915690948,0.3870851370851371,19.501063682465208,1
0.021541950113378686,2.221312588088977,1,0.0,130.75174410509192,0.715243050841736,0.5136054421768708,5.67788337345855,1
0.3256798894175132,0.9318358446463546,2453,28.699755401549123,373.6664344906614,0.07971475014213848,0.14362329090051862,1.0801290920585451,1
0.01835994754300702,1.156121439738445,31,11.080645161290322,22.312424130743334,0.5698805016780113,0.34214687958034407,4.565882691781957,1
0.19263216403162056,1.9972950518327839,854,44.336651053864166,330.71543785065967,0.22179432806481997,0.20121356225296444,1.995507203275532,1
0.0,2.081515652542679,0,0.0,7.67820318818806,0.6806802594036581,0.39125386996904027,4.9816999250185665,1
0.009357344632768362,1.3870878408405238,2,30.5,121.66471591616735,0.551818833989233,0.2424081920903955,10.952322112597045,1
0.001447577793493635,1.5881834037005753,4,8.75,41.15358899879625,0.5960317885722072,0.2866259282178218,19.412492747361448,1
0.03272727272727273,2.609636560570469,1,0.5,694.3087216691254,0.6209552227355069,0.42393939393939395,3.5936546634701987,1
0.2078662109375,1.3553328032735579,1160,36.133620689655174,280.09781905331704,0.1605275214859993,0.27195068359375,6.459080536769522,1
0.0,2.056525963396156,0,0.0,2.2849387074198106,0.6141277491303776,0.2866813294232649,2.625485386474909,1
0.0,0.6491853096329672,0,0.0,4.820849906732647,0.6976323642139463,0.40343915343915343,4.997547157562909,1
0.34508554357759846,1.842270649922699,2544,37.02967767295598,1060.5899476786235,0.05251753071927219,0.22475702872416742,1.279124527524435,1
0.0015030441400304415,0.0,6,5.25,7.147106957942283,0.5091624791080392,0.2131849315068493,3.6701103614045585,1
0.038197720125786164,1.4945635153157362,294,23.5578231292517,142.43297902709622,0.3127606194632955,0.24127604166666666,9.794596932147485,1
0.0086811679404272,0.9707278664292783,33,27.924242424242426,28.35397926995995,0.5237463676971044,0.21809719772682737,11.249290468889052,1
0.003912514105838333,2.039884825138024,3,13.333333333333334,43.696316080671835,0.5850252727688605,0.30796757142008674,11.442506665376067,1
0.3337206788455302,1.8202549705118858,3550,13.02605633802817,996.8233049439539,0.053977009670372444,0.28575289157928874,1.1539102225509597,1
0.28785888671875,1.2730662529971526,1623,47.84688847812693,359.2818303816408,0.12897202744919906,0.1770947265625,4.769770036377063,1
0.1257177734375,1.7623738737718777,710,29.28098591549296,164.25004915067365,0.15247452101103237,0.2857470703125,6.344535489723445,1
0.001833153023199904,2.082637691048846,5,16.0,5.5944105630192436,0.5413635297580381,0.24250210361822336,4.521073449885674,1
0.0,0.0,0,0.0,18.784921917835664,0.4606898459247458,0.2330316742081448,1.9478144112740776,1
0.008964610907725523,1.1100879484043555,30,10.266666666666667,67.59699113146209,0.39402927216827205,0.20612738195813385,14.050986205599242,1
0.0,2.2604134439921073,0,0.0,2.701411328789182,0.804104362560405,0.5902903811252269,3.2937401890448856,1
0.008586201690821256,1.7627056052724035,29,23.25862068965517,62.954669051602224,0.5341045169578617,0.24695425724637682,10.113679759968639,1
0.12483154296875,1.3874563298375888,743,28.765814266487215,202.98304355851343,0.18447270713804725,0.27119873046875,8.023902939394654,1
0.029487179487179487,1.1832890014164732,1,30.5,28.961460625817665,0.4054608937566645,0.23205128205128206,2.1280537957794787,1
0.0011069976771196284,-0.0,10,7.7,6.077895926100785,0.5215081242440675,0.21283996322106077,3.7358765457103926,1
0.0004928924086285165,-0.0,8,10.625,5.027758174321557,0.5268958570570319,0.2612909639153053,5.100654460358223,1
0.001736111111111111,0.0,1,4.5,5.625742522232386,0.5083246354114719,0.21099950396825398,3.2204601501478023,1
0.048761609907120744,1.6174535627873465,2,11.5,52.25089879500583,0.3247845742284782,0.16950464396284828,3.244295400405703,1
0.002929792495430599,2.041664741039466,1,1.0,19.674855561954015,0.6678427635832835,0.4121599827975487,9.694683138356659,1
0.0006062951496388028,1.8001364209117394,1,0.0,14.413891714151788,0.6549009535338908,0.35682404540763674,27.02979852429442,1
0.00286376953125,1.7251148416551674,4,0.0,89.10154735183313,0.9346379190873446,0.89862548828125,12.94096165440114,1
0.324007695956987,0.9259998424006972,2257,35.539211342490034,370.17055016784946,0.08008765490562483,0.1441568710136524,1.0932383384608353,1
0.044833333333333336,1.5464446938989016,33,7.121212121212121,62.71630045139324,0.4455806642659997,0.24641666666666667,3.138221490462889,1
0.0060030251465305355,0.0,5,14.1,7.671505032841177,0.6220598145903058,0.33115900926451125,4.318032409774608,1
0.14544623242827925,0.09686741501609113,744,30.824596774193548,111.91792756513141,0.14047496306478133,0.2407041674332031,1.191726497534542,1
0.04502341311134235,0.371268631614697,363,17.21212121212121,64.47764400601429,0.1998465021902402,0.2806347554630593,2.7407902030162363,1
0.0036658653846153846,0.9306169222963938,29,7.620689655172414,42.37245108515574,0.5053167178674702,0.2259239783653846,15.961537977673716,1
0.01752127183161666,1.1971008159414678,104,17.764423076923077,58.394302803917306,0.47349995125999556,0.23959999360245665,10.405591226929229,1
0.00298061753437007,2.0457376988013736,18,15.722222222222221,10.427144271076935,0.5703090049442199,0.24775185936443542,13.224658600774726,1
0.0012092164277548148,1.3051029060661212,3,7.0,17.328975293188797,0.6836688138987209,0.4681206578137367,20.12863866878764,1
0.002519618402831205,2.017861722916897,5,21.1,5.403101615148888,0.5599385990466689,0.2317279581474073,5.455781953316263,1
0.2565576171875,1.4880466898764149,1310,55.27251908396946,298.83307482211126,0.18138691931903111,0.16703125,5.653846823672912,1
0.0030562106918238996,1.856625301875344,9,7.888888888888889,70.28660294194088,0.7580509054225739,0.6083431603773585,12.73947764578939,1
0.0009946949602122016,2.1416953442708153,1,0.0,9.744421256406188,0.7166707125016306,0.48824786324786323,20.529707589408257,1
0.0,0.0,0,0.0,1.107609471304131,0.8764317751725728,0.7187187187187187,3.678125720922134,1
0.029222146739130435,1.7693711211544754,141,19.159574468085108,85.38151837492693,0.2521903627440847,0.3019904891304348,7.72098006353714,1
0.0,1.8376178086299375,0,0.0,2.0125830003956984,0.7227244620629913,0.46674508126603936,4.162825893799,1
0.2516172372611465,2.0201139189582955,3981,8.009042954031651,603.6530843380783,0.1015061313933974,0.17971486863057326,1.6478261471754392,1
0.33630859375,1.1564797954793529,1641,80.74162096282754,703.0858305116535,0.0808064418178066,0.2093603515625,1.2059370208597353,1
0.006179586909871244,1.3406838491569426,17,42.411764705882355,37.47220415655309,0.6421341163302152,0.3749329399141631,14.562901930393549,1
0.232298209798995,1.9821289236405122,1424,19.8999297752809,549.9881399284217,0.13668720294830286,0.19520650125628142,1.6966052720226443,1
0.0005794953640370877,0.7245573740335896,2,17.75,3.5786763020976444,0.6163629689517406,0.30174608603131176,5.241023547562369,1
0.024304237824161922,1.2565286268071794,33,6.106060606060606,133.72411595187367,0.7059958740332953,0.5236875395319418,5.0776035784726705,1
0.0,2.0390378087357686,0,0.0,1.6210637716863365,0.7725565963952096,0.5424284578696343,2.8970129338438593,1
0.016067653276955602,1.3623672280167012,11,7.090909090909091,213.11451387150672,0.5997812665470617,0.4097780126849894,7.1341338513536225,1
0.00818452380952381,1.5881741695358442,15,11.033333333333333,32.659864020857356,0.7129409902541687,0.5527462121212121,13.243111539592428,1
0.18511876054979504,1.7151836497949338,463,39.52159827213823,209.94489400651048,0.17656660713323835,0.24471003134796238,3.777867552059495,1
0.004413351834720938,2.05870236038705,6,16.166666666666668,23.953685387257295,0.6418935833115418,0.3523502543940796,13.134517571613125,1
0.0012732014112593955,1.338634424134451,2,0.5,28.17761572591744,0.7925023108266851,0.6318108605614358,19.537288924144455,1
0.024064699833900183,1.713631277389422,148,9.530405405405405,88.9279794937158,0.26462518206419483,0.16937732342007436,9.31943847626342,1
0.0065668202764976955,2.370733493200572,1,0.0,143.30167905829782,0.49523119351913525,0.2203341013824885,9.06966649490755,1
0.012048192771084338,2.050764498427045,20,16.325,16.05132013147608,0.6449064881477317,0.420352462481505,6.642498513248356,1
0.030626780626780627,2.242749618472514,2,37.25,29.47861945605643,0.3631616762953584,0.20394112060778727,3.5551348270836933,1
0.0021929824561403508,1.0319367822316328,2,11.75,5.793430087809118,0.568885651878928,0.2535345717234262,5.015910209562272,1
0.0001507638702760654,0.0,1,1.0,6.373533975549203,0.5092509296727084,0.24140645939426428,2.9748794613109424,1
0.0,0.0,0,0.0,3.458413036126474,0.5815083109471142,0.24516369047619047,3.030327778252466,1
0.004808708518283661,0.0,5,17.9,11.85958382985606,0.524122116863897,0.24149228492919045,2.9680450062166073,1
0.0,0.0,0,0.0,5.408179518642936,0.596098056417258,0.3499105684734427,2.159391943671174,1
0.007559295195741527,1.1515910325301075,62,9.112903225806452,21.838205461065765,0.53011936528777,0.23995603395997575,16.597322881459647,1
0.0046401515151515155,0.0,1,71.0,7.561980644114918,0.5595887278298131,0.2434659090909091,8.775809681746367,1
0.311806640625,1.4657974542946681,2245,37.16013363028953,558.7537132930557,0.14256554814837785,0.1608740234375,3.342447968722566,1
0.33386474609375,1.8754572397621911,2050,88.86829268292684,2482.601022647548,0.09425166612730912,0.20852294921875,0.7566925028516881,1
0.007237413194444445,1.1511748613779575,25,27.32,39.40328304435451,0.6149286926219724,0.33405671296296297,14.419786824909812,1
0.0019670461908729057,0.6584015304578951,6,11.583333333333334,8.33995608736396,0.4594595510928212,0.22001990187910767,5.76719513128741,1
0.006658812143653615,0.9519546460289486,24,22.833333333333332,28.62242575773921,0.7816789334554848,0.5909459089857146,12.768767012101458,1
0.0049633123689727466,2.038906743523122,20,25.575,13.314565575867341,0.7078008436792766,0.4829664570230608,9.256698253174372,1
0.0008663089649005142,1.5476281860919956,3,7.0,6.193332931141262,0.5537829164896708,0.2727755421417393,3.2780338295760783,1
0.06727783203125,1.7543860346292182,462,25.103896103896105,179.05868414009552,0.25129890121089327,0.23921630859375,9.400921303086307,1
0.008395522388059701,2.0124278077510307,8,11.75,9.876839258127522,0.6470672511541522,0.3909748134328358,5.637470426903592,1
0.012514619883040935,0.23898651361715093,9,41.833333333333336,9.812907119653502,0.5814409186676168,0.2780506822612086,4.931312210249442,1
0.00268640350877193,2.181588524176665,2,7.25,97.91372457304485,0.6598782609167809,0.440812969924812,14.027122140836116,1
0.007182372245663385,1.3219933500811132,19,37.18421052631579,48.43433048537844,0.74966353309683,0.557627754336615,14.007654372543817,1
0.001550128085700978,1.2760552866258066,9,2.611111111111111,21.987186007785525,0.7898125353213241,0.6461305018630648,20.033869348385256,1
0.08653076171875,1.8565616383759147,511,28.65362035225049,130.20743275810497,0.2526431974830984,0.2631591796875,5.865430336018185,1
0.014070638020833333,1.1456833871287542,23,6.978260869565218,91.1181528035722,0.7103290427073805,0.5286051432291666,7.697966873165878,1
0.006159855769230769,-5.0371551442534314e-17,11,9.181818181818182,11.750215362672202,0.46042975295751143,0.1915564903846154,4.1317931943353585,1
0.0019715224534501644,2.1861177050084866,1,37.5,8.0198293610151,0.5761521021201743,0.2753012048192771,3.359441648587641,1
0.0,0.0,0,0.0,3.683402133104098,0.7139342813320778,0.5264102564102564,3.230334982430685,1
0.004379866518353727,0.0,1,7.0,5.791122066512502,0.5896995383206035,0.2772525027808676,4.820697150050332,1
0.025435697115384615,1.834783336063854,152,18.976973684210527,65.92474993488304,0.41821738724549384,0.23719200721153846,7.189278376496378,1
0.0028125,1.9999999999999991,4,0.0,26.788468407768846,0.6555999805092936,0.42273193359375,12.531511349862068,1
0.20421142578125,1.467841402151422,1879,22.237360298030868,412.9651423078033,0.15938070922453057,0.18166748046875,2.178686026314117,1
0.0032473043130990414,1.6770840507292162,11,5.863636363636363,67.22136006013852,0.719937214709057,0.5350239616613418,13.159085173511421,1
0.014247921390778533,1.1764130061887426,16,15.4375,15.02197272781586,0.4961174849072768,0.2310657596371882,4.606197574992243,1
0.0018556176919166242,0.05929107132554902,25,6.22,6.904258220813785,0.523110537512378,0.2343204541603118,4.675974204644652,1
0.0022732067510548523,2.0699560149658307,4,6.375,25.19546065088407,0.45008870118654787,0.21047995780590717,13.33490077053396,1
0.3159814453125,1.9712765437925568,2041,40.753062224399805,826.0572001011993,0.06452385775680472,0.28545166015625,1.4262735544389944,1
0.0,2.014440783240432,0,0.0,2.740756363563733,0.5702236293871622,0.2651299160853301,1.0732264399435232,0
0.0,0.0,0,0.0,1.0246402779792931,0.7649889735964124,0.5344798120059816,3.4302254380678225,0
0.0,2.18332988648689,0,0.0,1.3586277995230818,0.7958949842426845,0.5821969696969697,3.36639348048055,0
0.00287353515625,1.9897392794372812,6,4.666666666666667,39.62268107824892,0.7718749903258288,0.614638671875,13.116109940792578,0
0.0029541015625,1.6150075070646408,4,0.0,101.32859761553183,0.9748349858265428,0.958818359375,12.923362493571176,0
0.00305908203125,1.624284745240758,4,0.75,64.50020199232799,0.9144692172564595,0.8640771484375,12.938661309509913,0
0.00715950715950716,-0.0,6,4.25,50.110770212402045,0.1908487483089455,0.18606393606393606,1.104229554255905,0
0.0,0.0,0,0.0,1.04331863326225,0.7900150420187428,0.5824915824915825,6.029001959008438,0
0.0,0.0,0,0.0,0.07419452918081015,0.9648168051582393,0.9281745017884517,2.7905608892635976,0
0.00275634765625,1.9999999999999991,5,1.6,32.70017786521248,0.5785004697458198,0.31979248046875,12.490197704346567,0
0.0,0.0,0,0.0,0.16981316266689467,0.9273250278359282,0.8579823676523128,1.9884608375968729,0
0.00276123046875,1.771727971902173,4,0.0,69.54112297078518,0.8861903088192532,0.8198583984375,13.133296614098775,0
0.0,0.0,0,0.0,0.16980589806608853,0.9286169628287269,0.853662481495696,1.9269009397353252,0
0.0,1.632225744817678,0,0.0,1.612635482056207,0.7157456309119745,0.4327913279132791,4.076800476056635,0
2.3415304242853128e-05,2.034346387174116,1,1.0,3.6555617944554255,0.5114696468670055,0.2036012737925508,1.828982939604014,0
0.002900390625,1.7046959432493867,4,0.0,120.9477530366272,0.9296570072427339,0.88671875,12.89000380025128,0
0.0021838713113880898,2.08321759957594,4,1.5,25.51002743827339,0.5523571692047737,0.26450809630339833,13.202714218003612,0
0.0,0.0,0,0.0,0.121415822327927,0.9446679535382807,0.8910667532067501,1.9779980871321194,0
0.0010617760617760619,1.8812292648436146,2,13.25,6.044939214286387,0.5063665910857281,0.20313706563706563,3.6016234908001588,0
9.048136083966703e-05,0.22642321438873675,2,10.0,1.221594728582946,0.7528389718713955,0.5467309616571927,8.245158768810562,0
0.0,1.8981551916041173,0,0.0,0.733841116035542,0.8157566135722161,0.6110868356240565,4.850952149442777,0
0.00292236328125,1.6787128553898971,4,0.0,74.41754453297635,0.9239002765830391,0.88228759765625,12.976118446175013,0
0.000935399006138556,1.869726751875838,8,8.625,5.927942109411669,0.48511677182545926,0.18637825197310728,8.734273984328485,0
0.0,0.0,0,0.0,0.21452762245180182,0.9140741514920057,0.831729732061958,2.153303113251875,0
0.0,0.0,0,0.0,0.16651407406656502,0.9302313601220283,0.8591439583107154,2.1228945946265516,0
0.0,0.0,0,0.0,0.6720074748718645,0.8390073536362594,0.6694791666666666,2.7479052132019977,0
0.00278076171875,1.7444618609764109,4,0.0,130.76749170328952,0.9168149686548761,0.87304443359375,13.045863648644218,0
0.00290771484375,1.7078519254792635,4,0.0,53.49012952421748,0.6781338452437935,0.44729736328125,12.680262762390635,0
0.0028125,1.9999999999999991,4,0.0,26.126487086305023,0.5675028913720707,0.2986328125,12.13743327283409,0
0.014720234222511386,2.263156331467225,1,2.5,15.334606610258575,0.6733146598264099,0.4577911515940143,5.203574706597617,0
0.0025359818611987383,1.152981916161186,3,0.0,69.85416329281244,0.8512724921275148,0.7473210764984227,14.918820836704247,0
0.0,1.9078322499104787,0,0.0,1.9511212700049512,0.6207487189822308,0.29790767010790564,1.3773457395124833,0
0.0010467980295566501,1.5760364603983328,1,0.0,29.387874455924774,0.7080645882152726,0.4800923645320197,20.786157362074885,0
0.0,1.9285060184211187,0,0.0,1.7251034371615444,0.6423475777505394,0.32591773101320076,1.272249728806633,0
0.003046630094043887,1.9405969276151356,4,0.0,46.085263862061986,0.8701023102003457,0.7746424373040752,13.06646327280349,0
0.0,0.0,0,0.0,0.2176066575922076,0.906773121431695,0.8127316948284691,1.2837664305791276,0
0.0,0.0,0,0.0,0.4854620103309518,0.8434801515842392,0.6796498151976446,2.9173224262149082,0
0.00292724609375,1.6717329292589265,4,0.0,128.5816141976784,0.9347423751515256,0.901923828125,12.900177426872595,0
0.0,0.0,0,0.0,0.11324522874124868,0.9467837147484026,0.9044481230309179,1.8960314812455723,0
0.0011107313738892687,0.8520647481612366,6,9.916666666666666,6.473418166674778,0.5169540151732428,0.2150333219412167,7.449392181214864,0
0.004810901001112347,1.527522486332249,22,11.545454545454545,63.71259709317282,0.4591965383537677,0.21557285873192436,12.4075692589609,0
0.00283935546875,1.7571925840303655,4,0.0,98.38054988260076,0.8709090598567023,0.78591552734375,13.08554143465338,0
0.002545869069590707,1.7645669387384886,3,1.3333333333333333,55.522891021610164,0.6623346344758214,0.4279068505048312,13.826191581927738,0
0.0028369140625,1.756964851565372,4,0.0,150.99755746746425,0.723461647385684,0.52541015625,13.07459034504054,0
0.0,0.0,0,0.0,0.3045176794414092,0.8885958667952228,0.7883379321538712,1.6249821697854876,0
0.00293701171875,1.6741361759661049,4,0.0,109.24834968240413,0.9028611959282518,0.842275390625,12.828756749037954,0
0.002416823603264281,2.0681511588736385,1,0.0,36.47387269175991,0.7461259754444949,0.5284682988072819,14.131852939333069,0
0.002049731182795699,1.6547134274011168,1,0.0,48.69325221181134,0.6746899906344792,0.46432795698924734,14.754931395180826,0
0.0,0.0,0,0.0,0.2485479232258771,0.9071381615280767,0.8095185881370092,3.016014223598219,0
0.0029462186520376175,1.1654423733486925,4,0.625,124.0780609224476,0.9318495188461462,0.8810859130094044,14.081874835898526,0
0.0,2.3167868746677227,0,0.0,0.5634606562689148,0.8271129140254785,0.6065121412803532,1.4282050823564008,0
0.011134057645685553,1.7740850571095599,13,5.6923076923076925,93.29457139516802,0.45679056228929,0.2173386010595313,7.395239624125361,0
0.00297607421875,1.6714963346268115,4,0.0,65.16524380259146,0.9287119666710786,0.8898095703125,12.86139956144273,0
0.00288818359375,1.7846111133283833,4,0.0,58.84112054019482,0.8959743664654649,0.83714111328125,12.996724420733514,0
0.0,0.0,0,0.0,0.07326161808442659,0.9657098034778977,0.9357649481391093,3.0257973991407576,0
0.006348592638416331,1.7015745428391595,24,6.875,69.7713695329002,0.5855723218461819,0.33531549644293224,11.412426413724729,0
0.0,1.963428024085642,0,0.0,3.347931818577872,0.5282683772816683,0.20340346136524481,1.6030882246373122,0
0.00304443359375,1.293644452155853,4,0.75,35.86891737781729,0.7600554465046069,0.58512939453125,12.902898918160425,0
0.003419972640218878,2.115304852294662,1,0.0,41.78184433888685,0.7215052458278916,0.467453260373917,11.5613021415025,0
0.0,0.0,0,0.0,0.12643551953288212,0.9428157195459197,0.8895294237737967,2.0142478043452328,0
0.005449907235621521,1.0727939368698993,24,5.25,31.803822257941363,0.2439939155520734,0.162569573283859,2.4373818465407844,0
0.002955483490566038,1.9684984175031988,4,0.0,42.15920705014504,0.8727664372424943,0.7766607704402516,13.301372144873456,0
0.0017656041229242223,2.5849625007211565,1,0.0,29.863858530915376,0.8897599651437622,0.7608322198892918,18.496316643514927,0
0.0028076171875,1.9999999999999991,4,0.0,30.697461527577254,0.9222770885480115,0.87894287109375,13.027781111663053,0
0.0,0.0,0,0.0,0.1810997211539532,0.9247937335672115,0.8424989660876757,2.037855075886737,0
0.0,2.1256240403933373,0,0.0,1.23313023398663,0.7840930343351988,0.5514396456256921,5.786821130556267,0
0.031818181818181815,2.206252181550083,1,0.0,271.5205600861249,0.6089410239281161,0.40861244019138754,3.663940719885456,0
0.0,2.027445727547035,0,0.0,0.8188463531478778,0.79070448203318,0.5403834541062802,2.9565189914254173,0
0.00321533203125,1.1379098055706365,4,0.0,101.01167147488779,0.9414194624106056,0.90737548828125,13.389817202283334,0
0.00297119140625,1.6016390055288863,5,2.4,56.99229658711872,0.5331172995742304,0.25544677734375,12.822758471619483,0
0.0029736328125,1.654703698805332,4,0.0,97.03435727895834,0.8830004005423708,0.8125146484375,12.846832880326701,0
0.0011004871008479162,1.410950218210031,1,0.0,25.448275893257374,0.675227223774518,0.43834566119429913,20.293476429047953,0
0.0029345703125,1.6426364315837274,4,0.0,95.33877177037644,0.9505216866715436,0.92286376953125,12.863276724696146,0
0.00285400390625,1.754709050427577,4,0.0,104.28735466448408,0.910072090916846,0.8579541015625,12.96814286022719,0
0.01936456400742115,1.29773489356137,2,0.0,30.06296206640375,0.6062652740030909,0.35331632653061223,4.777019440378595,0
0.0,0.0,0,0.0,1.2535282781020525,0.8241943638204016,0.6422899590163934,5.751396690354429,0
0.0,0.0,0,0.0,0.18032237068486878,0.9259318176707697,0.8328716528162512,1.8605145055181156,0
0.0,2.1494701854337803,0,0.0,1.2010865746202575,0.7820344057283493,0.5960676953708313,2.9774027603429514,0
0.0,2.0567640356246932,0,0.0,5.5605827276695265,0.45666393653978576,0.21742429805879904,1.3973327924158763,0
0.0,0.0,0,0.0,0.3332315324697127,0.8780772517108254,0.749391447368421,1.9241220636067666,0
0.0006756756756756757,2.2626858141297195,1,0.5,26.601362852235624,0.2584082633412262,0.19992492492492492,1.4039305735785632,0
0.0027587890625,1.7658466319269608,4,0.0,78.58397413384827,0.8053366957028715,0.67475341796875,13.009135162680325,0
0.001149891774891775,2.1970284623527023,1,1.0,3.6499206827963615,0.7737491113055059,0.580560064935065,6.606662335322545,0
0.0,2.0613304452226173,0,0.0,1.3194834216045366,0.7672876941186257,0.5346711601307189,3.98630641585272,0
0.00045585244407041165,0.3089186597302977,3,10.0,4.112758234400658,0.513339457562401,0.22118486569885687,4.811666995726059,0
0.0037264905962384955,2.0284735761773924,1,0.0,37.08509088199465,0.8093531920411928,0.6641156462585034,11.304353827112182,0
0.0,0.0,0,0.0,0.0787790100139963,0.9637336921591191,0.9266189084739372,3.1690753722298317,0
0.0,0.0,0,0.0,0.12279717392782762,0.9429551266930285,0.8751578282828283,1.9008782374814814,0
0.003114754098360656,1.230527995739933,1,0.0,63.708535156521236,0.8287768069251313,0.6644808743169399,13.130621021555163,0
0.0,2.0608469973732917,0,0.0,3.088046965240518,0.5460875727856216,0.2275977322728042,1.1879853680442634,0
0.0,2.027812741723083,0,0.0,3.9537060306604976,0.4911084029003133,0.19412390887800723,1.2523703713211858,0
0.0,0.0,0,0.0,0.4242224267401532,0.8589720402911252,0.6924137931034483,3.429224901812709,0
0.0052515360983102916,2.0822168899246365,12,17.541666666666668,16.305554175078456,0.6629244654614651,0.42332949308755763,9.510655563107548,0
0.0,2.143231352519332,0,0.0,0.9278259505661315,0.7810459006885669,0.5674019607843137,2.322930830069374,0
0.029882705008255368,2.1109782515627185,106,10.806603773584905,72.11756051120045,0.25374205384780496,0.18814495046780408,6.202971244911627,0
0.00397302041947704,1.4572315856742655,2,4.75,72.78846298264455,0.6603951959908471,0.42607179155502173,11.293821336665689,0
0.0,0.0,0,0.0,0.1644903325066183,0.9326174208460399,0.8779123773304482,2.170647277987642,0
0.002822265625,1.7658495783686048,4,0.0,70.23069812296677,0.9393465918470812,0.90608154296875,12.972506822048087,0
0.00321044921875,1.3159765512778756,4,0.25,96.03639424107907,0.8968211259393482,0.83230712890625,12.740398033593607,0
0.00313720703125,1.300368952453038,4,0.5,94.6105691109754,0.901056090442686,0.8435107421875,12.945852974073757,0
0.0,0.0,0,0.0,1.029938753220485,0.7243979477285483,0.44186,1.039377131458429,0
0.00324462890625,1.7723145232286992,6,1.25,45.971056583565584,0.48104936246597096,0.2183984375,12.583104054130184,0
0.0029296875,1.728073614059795,4,0.0,69.34926899636241,0.8712981422124615,0.7899169921875,13.062314275325317,0
0.003557687850553933,1.4754177378192224,12,7.916666666666667,50.224947265955024,0.4588840633777775,0.21908172252352479,13.94443938771756,0
0.0029541015625,1.650923934304397,4,0.0,79.92533013853793,0.8716316215458272,0.79141845703125,12.870579661048293,0
0.011648223645894,1.48922421654715,1,0.0,348.2595006521124,0.833033205623205,0.7408270238788585,6.366298927988503,0
0.00333740234375,1.9947718425249972,4,0.5,47.62630115584005,0.5918807331990175,0.312041015625,12.725485973026574,0
0.0022351772456342153,2.011803596672006,4,2.5,29.327606646397157,0.5093314666569414,0.2315761267384712,14.299139413323676,0
0.0014857051076132349,1.4118528494142124,2,0.0,28.595432368679283,0.43247618665238735,0.20649962522754042,15.720597810173338,0
0.00305908203125,1.9999999999999991,4,0.625,36.47704446537776,0.6470640567056853,0.40185546875,12.735268794268693,0
0.0,2.182525178055635,0,0.0,0.41890423735861576,0.8593307305245266,0.6957386363636363,1.389698317356479,0
0.0,0.0,0,0.0,0.9116774056059609,0.8851890817807079,0.7716397849462365,5.36826717118728,0
0.011645493042952208,2.13575605415915,1,0.0,141.35839348154315,0.8071704677641514,0.6708257713248639,6.476779112715396,0
0.0,1.8261173047765102,0,0.0,3.0069695099513063,0.5370964043421904,0.21029093455564044,1.2733023054153074,0
0.0027294921875,1.7691673546901472,4,0.125,93.78380011949102,0.907346822008312,0.85380615234375,13.143655426602528,0
0.033935676392572944,1.7536784583675442,42,17.035714285714285,149.48394453551782,0.4883629443579148,0.2789290450928382,7.740441568399738,0
0.0010180337405468296,2.220869750162367,2,7.5,4.856108996414066,0.5406941215998575,0.22525554724507604,4.81591161420404,0
0.002939453125,1.678250967464895,4,0.0,41.20262173572726,0.6602542079046134,0.42420654296875,12.55936541925518,0
0.0,0.0,0,0.0,0.1779671744279444,0.9271741120761802,0.867512644121555,1.946334108327088,0
0.0,0.0,0,0.0,0.1825243125718511,0.9268272228031932,0.8497257053291536,1.939999328058502,0
0.00296142578125,1.6234706472137916,4,0.5,39.73699251772224,0.6318408308287274,0.37518798828125,12.531365493947938,0
0.0,0.0,0,0.0,0.3809006143628351,0.865924454669496,0.7268709825528007,1.7429713183175066,0
0.002880859375,1.5758698977791357,4,0.0,41.91817061109125,0.6473231578207379,0.404609375,12.597915271131608,0
0.00279296875,1.7464160267315394,4,0.0,108.02178627974624,0.9320577277007147,0.89811279296875,12.997036228173146,0
0.0,0.0,0,0.0,0.13936992465435005,0.9365777961072448,0.8775956284153006,1.6943840638873282,0
0.0,1.8539999350549232,0,0.0,2.295297999695922,0.6472517906668073,0.353125,1.8022116552956415,0
0.004768740031897927,1.6388606531302496,2,5.5,87.62285525001731,0.6184575691431425,0.34811802232854866,11.210841219604394,0
0.0,0.0,0,0.0,0.6580827986788855,0.8579812654812153,0.7010567296996663,4.194186939366278,0
0.002648388364779874,1.154371325055297,4,0.0,80.42630010559049,0.9317098358641172,0.8885736045597484,15.059453802272381,0
0.003037109375,1.4250205712291069,4,0.0,103.33330277149402,0.923019245644638,0.8786474609375,12.990062048880867,0
0.00019344141488577746,1.0568921686013615,4,0.25,7.4036099679918745,0.4955660787728634,0.20810611643330876,3.332757792127343,0
0.0029248046875,1.7923719107832583,6,1.3333333333333333,49.20872806183003,0.5154229817779659,0.2490234375,12.671610660799848,0
0.00271240234375,1.7685480243426717,4,0.0,119.12170772121094,0.9390772841046509,0.90516845703125,13.191036460696004,0
0.0,0.0,0,0.0,0.18599150173780582,0.9212914338553779,0.827514942380461,1.8555078350640781,0
0.0,2.2407001782821823,0,0.0,0.3441431825525372,0.8676178199891156,0.6893548387096774,1.2497087402076041,0
0.0015723270440251573,1.0197088629530195,1,0.0,34.10350486419662,0.8402681943144912,0.7113394009030801,24.589159720835504,0
0.002877565982404692,1.700158644669323,2,0.0,45.560296930062904,0.5673963387270721,0.2792216520039101,12.54812589981571,0
0.0,0.0,0,0.0,1.9293424943583626,0.6339727820510699,0.34260250235710826,1.4090016903650098,0
0.00299072265625,1.562855118426393,4,0.25,84.25666774625908,0.9097305024324085,0.855166015625,12.84975153231888,0
0.002783203125,1.7427054982277617,4,0.0,103.25323523081647,0.9095273684728009,0.858359375,13.073500068699929,0
0.00313720703125,1.3109066893241041,4,0.5,102.91725791535902,0.9407127764733977,0.90535888671875,12.905462040155086,0
0.0,0.7602884408718419,0,0.0,3.345086433911403,0.5740578736483459,0.24635383639822447,2.221827774111165,0
0.0,2.02795601185066,0,0.0,2.8518159258598663,0.5483695984049002,0.2203418603910917,1.0947618199951366,0
0.00015509348393445428,1.9328875887823078,1,7.5,1.3450373221442504,0.750617456552434,0.5100222478928679,4.238869511719507,0
2.8616322750496883e-05,1.976126047693595,1,7.5,3.160481007615159,0.5437877262481521,0.2237172082956118,1.80159150776662,0
0.0,0.0,0,0.0,0.3953208167931208,0.9004947476948719,0.7885975538275175,3.1165313172594553,0
0.00283935546875,1.7579312703951646,4,0.0,96.677914498252,0.8685835909139996,0.78322998046875,13.070028442655735,0
0.00276611328125,1.9056784093409826,4,0.0,50.92543798471567,0.7190572113195177,0.52678955078125,13.155671268099143,0
0.0,0.8318367861057705,0,0.0,1.386504493207432,0.7899205437420515,0.6151738473167044,3.5917304291430816,0
0.010514018691588784,2.2795019728711527,1,0.0,132.2545689883963,0.7446562151742919,0.524365821094793,7.052858726790301,0
0.0027978515625,1.7636726557322615,4,0.0,70.63505113269915,0.8980278993341742,0.8377978515625,13.187847921891967,0
0.00309326171875,1.4291306056139377,4,0.25,135.90272307181897,0.936758070322967,0.901103515625,12.874488986023792,0
0.00291259765625,1.7045853207184534,4,0.0,82.36150940719618,0.9603965241905228,0.9407861328125,12.842895889520465,0
0.00321533203125,1.1342483135370458,4,0.75,76.81314146316785,0.9237789730094487,0.8773779296875,13.373104002450647,0
0.003108003108003108,2.035286581895255,2,1.0,11.815162596982084,0.574384077635203,0.2838480963480963,9.716020121151805,0
0.0027685546875,1.9999999999999991,4,0.125,25.353277603576025,0.6287651273842616,0.3858642578125,12.407903489137324,0
0.0006851192107426692,1.6629494265056672,2,5.75,6.501696705683154,0.5325288064410596,0.2530487804878049,4.894575171373723,0
0.006243032329988852,1.9360055579489144,4,7.875,93.07524954349685,0.52664917055639,0.2765514678558157,8.777043419057225,0
0.012432188065099457,0.9999999999999986,1,0.0,80.54798824320642,0.615600032165593,0.3530741410488246,11.344299253644932,0
0.0023036419482229046,1.0172835657738362,5,5.4,33.46524368268056,0.595260112662316,0.3205261810735703,16.17943886807082,0
0.0017529665587918016,0.45552708157843497,1,1.0,31.958129931471724,0.2334653377278524,0.17812837108953614,1.4162954287290193,0
0.002542794585987261,1.1506569264744748,3,1.0,65.06091794832744,0.8940537939772977,0.8221536624203821,15.053313618671307,0
0.00299072265625,1.572783544662566,4,0.0,94.67051980428643,0.9036581239660958,0.84632568359375,12.91647548810563,0
0.003046875,1.9999999999999991,5,2.1,19.91862889680756,0.5825796490558368,0.30606689453125,11.963902896552115,0
0.002900390625,1.7052618190323303,4,0.0,127.02635726640962,0.9257745053330321,0.88690673828125,12.88919165875148,0
0.00301513671875,1.5716212535960932,4,0.0,77.80816415508939,0.8694735822666335,0.78360107421875,12.888667473514055,0
0.0024099963450292397,1.6667590283273856,14,13.107142857142858,6.100529357241465,0.6503890194913098,0.4256441885964912,8.143214722967825,0
0.005951911706740244,2.1025899526714604,1,0.0,11.91530082354678,0.8428003588276645,0.7403823413480489,8.011560115265516,0
0.002311198240603449,1.4607034086736632,4,0.0,65.17917335371534,0.8927281422362578,0.8150991650827454,15.381237923640228,0
0.00298583984375,1.622670238447947,4,0.0,145.3708358860909,0.8967504841358842,0.8336572265625,12.901955303463494,0
0.0,0.0,0,0.0,1.0740096394294523,0.8093745970303794,0.6450554134697357,2.959781813363957,0
0.001862399193548387,1.471282370690101,3,0.3333333333333333,47.84138282275127,0.7764755140690239,0.6119833669354838,17.31818840286983,0
0.0,0.6320323986293725,0,0.0,1.2828450106737745,0.7823528382477327,0.5794312169312169,3.421933222716444,0
0.002251367053998633,2.061762292491079,4,1.5,27.57905592740164,0.4919439600235877,0.22358595352016405,13.893541108116496,0
0.0,2.034860381867904,0,0.0,0.5185585084533746,0.8184457906919499,0.6127816798361135,0.9814156571387503,0
0.006527714154832799,1.6945205652764836,1,0.0,129.50685190900577,0.8157680827531884,0.6810295464956482,8.555528577153726,0
0.0,2.113071908517651,0,0.0,0.694740314619753,0.8183234300006124,0.6168183269476373,6.511015848786769,0
0.0,1.9870985945730857,0,0.0,2.010228323714777,0.6094919064041058,0.2815511411665258,1.0410631694661934,0
0.0010344256868586562,0.285714285714286,4,1.875,5.9740459720257295,0.5445236565491287,0.24058672624958624,4.065983197801384,0
0.0,2.1708062472709275,0,0.0,1.5381340185861105,0.7872544516889662,0.5639490927419355,4.8129913304350795,0
0.0019511738261738262,2.066123643559656,2,0.0,18.114653968737876,0.5806893189468931,0.28100024975024973,15.096343373654223,0
0.0,0.647175167244928,0,0.0,3.8501050498832345,0.5515836541884807,0.2655346356509446,1.8973370511608352,0
0.030729166666666665,1.3708734731198258,1,0.0,565.7308474702667,0.5901525184329962,0.3541666666666667,3.84487872325566,0
0.0,0.0,0,0.0,0.07719473626604517,0.963142262206132,0.9260271677087588,2.607114085889062,0
0.0,0.0,0,0.0,0.2626933675082477,0.8989691232221577,0.8091914468845224,1.5377124207696253,0
0.0030517578125,1.8630871164966674,4,0.25,49.32719994119701,0.9077378627901771,0.85412353515625,12.798769379711459,0
0.0,0.0,0,0.0,0.1910469575733313,0.9220267372351805,0.8621866737176097,2.0132784802383585,0
0.0,0.0,0,0.0,0.49363199939996094,0.8308769159210228,0.6387626262626263,1.2895433902281654,0
0.0,1.303703210412353,0,0.0,0.37246313714289725,0.8787815550205629,0.7012527233115469,2.4532479249627945,0
0.00274658203125,1.7675417566844982,4,0.0,66.21631985016143,0.9375687863531175,0.905263671875,13.087190673316934,0
0.0056179775280898875,2.1173548734177468,1,0.0,58.74298553468276,0.7544278996696715,0.525083776857875,9.127079183613773,0
0.0,0.3228818690495879,0,0.0,1.5337381123483007,0.7755648844257244,0.5431649543378996,4.4745123212278415,0
0.008134528514963298,2.1395926564992642,7,11.642857142857142,67.50533049040077,0.7471619592164128,0.5280385375494071,8.692948527924155,0
0.0,0.0,0,0.0,0.07691771984682538,0.9636233635149829,0.9255647788168541,2.728067579508758,0
0.0,0.0,0,0.0,3.3815049869620006,0.5831808111865944,0.2628307939053729,2.0637670203232372,0
0.00275146484375,1.7627159993271049,4,0.0,141.8306350941442,0.9381770286595427,0.90554931640625,13.090290666161067,0
0.0,2.017797942600186,0,0.0,2.4039106785089626,0.5781840264969826,0.24884722935570394,1.0525635766670065,0
0.0,1.911145936181511,0,0.0,2.317052413457656,0.5889821903053731,0.2609175555166987,1.3738825063176738,0
0.0059475651101864695,1.8517906031128857,18,12.722222222222221,46.02203421904777,0.7000120153815795,0.5387964247187548,12.013300417050518,0
0.00278076171875,1.7443617317604685,4,0.0,126.49416301424537,0.9366921485158921,0.9076318359375,13.05222189301212,0
0.0,0.0,0,0.0,0.17293061721428457,0.9228105710102797,0.8498137891520244,1.5151701506956123,0
0.003488494273405485,1.752729394464108,11,6.7272727272727275,50.68856864455606,0.5391523184987114,0.22834401597141957,13.40962897835249,0
0.005360333531864205,1.3608787032512717,1,0.0,121.20039594156742,0.7679487982521318,0.5969326980345444,9.65515139657163,0
0.00281494140625,1.7701009354270474,4,0.0,111.87973660192074,0.8565891800016467,0.7660693359375,13.089517246280078,0
0.0027587890625,1.9550864039143374,4,0.0,47.57254291136998,0.7363668433198935,0.5564990234375,13.277457292358141,0
0.001644736842105263,2.041042104439653,2,1.25,19.600088357819057,0.317156595287522,0.20194284539473684,11.538193460960692,0
0.014399205561072492,0.0,2,0.5,10.97287805363231,0.7326106105880135,0.5226746110559417,5.193577765115139,0
0.0,0.0,0,0.0,0.44312809400604447,0.8783247814970239,0.7404715762273901,5.682741428396712,0
0.0034543504901960783,2.02074966992709,12,9.291666666666666,27.94326491247652,0.5268613447441195,0.27313495710784313,11.763693278896197,0
0.0,0.0,0,0.0,0.256353143476048,0.9070855230215806,0.8148947724999731,3.6131486620250524,0
0.0019753709074097426,2.0630755303585113,2,0.0,15.96074727315223,0.6516842292007461,0.37680200058840835,15.005910572889178,0
0.0031396484375,1.571937332428292,6,8.916666666666666,81.11340953199539,0.7714203070873211,0.61066650390625,12.796006736611652,0
0.003644862868163839,1.848071711780241,2,0.0,52.1159574044485,0.49606896654751653,0.20808407701611586,11.204008655744888,0
0.002725988104779179,2.0620424939706865,2,0.0,40.34022985147891,0.5815409736410153,0.2618530391867381,13.047324979348748,0
0.0,0.0,0,0.0,0.17480062359869042,0.9222037967669662,0.8465069091282683,1.5313451140684442,0
0.00288330078125,1.9999999999999991,4,0.0,6.835944667077502,0.7141943066923379,0.51124755859375,11.226321226205917,0
0.0,2.145904288161429,0,0.0,0.8846049133185419,0.8173997802999848,0.6176702085792994,3.890885182888011,0
0.0031298828125,1.295637766040336,4,0.5,80.609426769993,0.9499865416767223,0.92143310546875,12.932130955357259,0
0.0028515625,1.757063027279485,4,0.0,109.24652986790421,0.8899192244548195,0.82253173828125,13.00618327424005,0
0.0,2.1102865609207764,0,0.0,0.7458503011545099,0.7728002137896457,0.5246103148864945,1.1148896578625975,0
0.008424908424908424,1.3064610310965266,1,0.0,215.09178997885488,0.7117683616228291,0.483974358974359,7.639496029059511,0
0.0,0.0,0,0.0,0.07776994721956079,0.9635823563171869,0.9265913392075863,2.9231834175328095,0
0.0026307397959183672,1.9644468437664653,3,0.16666666666666666,29.17679519593525,0.5265475259411175,0.2507533482142857,13.109342551452016,0
0.00272216796875,1.7687914006467025,4,0.0,40.10406914510042,0.7482000793177953,0.571064453125,12.908652107133777,0
0.0,0.0,0,0.0,0.6854932297312881,0.8280333720110532,0.6442875550306024,2.414357285369767,0
0.00291259765625,1.7065013024791504,4,0.0,97.23013213802015,0.8700035473669252,0.78656982421875,12.89314689559699,0
0.0,0.0,0,0.0,0.11344979393269883,0.9472183471778094,0.9040022427511081,1.9435453948826527,0
0.00284912109375,1.7555075351481269,4,0.0,98.36713764516409,0.8895117986333478,0.8226904296875,13.018179768156534,0
0.0014483821263482281,0.3835409600366221,8,19.375,9.969721662486005,0.44850401975757703,0.18170261941448382,4.341587136965257,0
0.0,0.0,0,0.0,1.2399818241404332,0.7800816343141199,0.5836751435602954,2.987038662779602,0
0.0029736328125,1.6219069004034594,4,0.25,116.73478749311798,0.8522917125706002,0.7530322265625,12.904477550825277,0
0.0028173828125,1.7546497478616643,4,0.0,156.5585912426519,0.9685016739070397,0.95025390625,13.015631697934083,0
0.0,0.0,0,0.0,0.8235974675933264,0.8499072826752576,0.7060691281865191,3.5214715556804075,0
0.003037109375,1.4155985063012977,4,0.0,118.69413282291117,0.9156985255052229,0.8626220703125,12.923263746368342,0
0.00293212890625,1.6443530892855613,4,0.0,82.47500041534224,0.925829657974516,0.8827880859375,12.910520780047557,0
0.0,0.0,0,0.0,0.2503161677992364,0.9094802147955501,0.819707990723171,3.364973707563027,0
0.002962853773584906,1.513243068573431,4,0.75,79.15597788667083,0.7661750421215994,0.5852176690251573,13.03133955849538,0
0.0,0.0,0,0.0,0.17752671113304577,0.9251983131561803,0.8502955531735542,1.8451013308457789,0
0.012503173394262504,2.0589730489154863,37,14.716216216216216,57.49739981701421,0.5374221982695205,0.2955276296860455,9.761187433478552,0
0.0029345703125,1.647309509305298,4,0.0,76.26689134995074,0.8752066379781934,0.7986865234375,12.964827274808599,0
0.00445746306673459,1.6926681959748104,2,0.0,107.83542992889235,0.8106517914754394,0.6557310239429445,10.37776038329462,0
0.0077489148128052085,1.343215925673179,35,3.8714285714285714,70.06523590041346,0.5712067426047305,0.32309753119913187,10.677144821853977,0
0.0,2.1757001806796237,0,0.0,1.5157620301576866,0.6790198642285681,0.3626829268292683,1.6701010425647114,0
0.0018427835051546392,2.015597177707383,3,17.0,18.02940540012486,0.4816234698311383,0.20440721649484536,15.009523785610027,0
0.00299560546875,1.5707885928140397,4,0.0,135.89953359809874,0.8901101403839166,0.81887939453125,12.841382804275959,0
0.0,0.0,0,0.0,0.5153518073387489,0.8764291480716966,0.7497530178135902,3.0809061969977214,0
0.002744140625,1.9999979873017792,4,0.0,40.16088476537531,0.6626412031355573,0.4321923828125,12.85431550445749,0
0.0,0.0,0,0.0,0.4457053433321204,0.8472000791302814,0.6506005056890013,1.8154155003750352,0
0.00275634765625,1.7279696031884497,4,0.0,61.28999961288422,0.697986310897269,0.48974365234375,13.00167035141142,0
0.0023302938196555216,0.910300852776554,12,6.375,10.457926868229626,0.4736542783830344,0.22232353934481594,2.9323184516057124,0
0.00046598322460391424,2.1235738177283796,1,0.0,0.7291348198897049,0.884491254468958,0.7460391425908667,19.76822325137352,0
0.0005952380952380953,0.22442151349352404,1,0.5,1.9822045614621016,0.7284762952687184,0.44375,10.909290949726302,0
0.0030731846769582617,1.0075798812257355,1,0.0,71.18038575168896,0.8515281864143133,0.7273441966838193,13.618049940037304,0
0.003422142094017094,2.0465575824740325,1,0.0,35.51255701689938,0.752971192259265,0.5194310897435898,11.70720704792597,0
0.00308349609375,1.9135910481910385,4,1.0,41.18142083190013,0.8934030342222716,0.822822265625,13.629863833408987,0
0.003775776938716236,2.0593401927463177,15,6.433333333333334,10.153190292108759,0.7348905269078063,0.5855529548444414,6.824536247551283,0
0.0030908203125,1.4187510085760697,4,0.25,104.93399933461382,0.9363535603444265,0.8984326171875,12.799898007120918,0
0.02052475666525603,2.0269360376920176,6,8.166666666666666,162.87952303226015,0.23544066124250937,0.18149597968683875,5.199400425796627,0
0.01238508682328907,1.4113716008128954,1,0.0,315.993139412534,0.6656977831062212,0.4599080694586313,6.205521954195645,0
0.0,2.2415673423699123,0,0.0,1.4275463136723878,0.7426362113673022,0.4735958485958486,2.9222591055930187,0
0.019831730769230768,0.0,5,7.9,49.310416731998586,0.19713940440854674,0.18990384615384615,1.468071065114182,0
0.006725548983064582,1.4934423585199845,1,1.0,100.11609827224729,0.8557767976009023,0.7568470950490236,8.477957914909382,0
0.0025495337995337995,1.4451811746441159,1,0.0,39.912621913254775,0.657383615952125,0.3789578477078477,13.166994517671952,0
0.0,1.7218897762299439,0,0.0,1.6708866748101308,0.7184521572465014,0.4478804347826087,2.589206536075763,0
0.00276123046875,1.7665609014490486,4,0.0,83.70712903502289,0.9388308892991577,0.90751708984375,13.064771021468855,0
0.0,1.8961450507751803,0,0.0,2.2360401159895007,0.5921250967404037,0.25999936545539154,1.2230688481084817,0
0.00287353515625,1.8409131489383668,4,0.0,57.253261979590164,0.8572104671325811,0.76613037109375,13.148552832341492,0
0.004764613852936994,1.64178927003573,1,0.0,96.24728469613115,0.8473903877054734,0.698478168112644,10.506257673199821,0
0.0,0.0,0,0.0,0.16237759017492132,0.9261670289900603,0.8539404171886062,1.5132787177833398,0
0.00311767578125,1.0132530408380622,1,0.5,94.06425562341344,0.9205078602733594,0.8690966796875,17.81215021271989,0
0.018769510926118626,0.5531355746073593,50,11.85,47.283646937428614,0.20549460301333433,0.17959157127991676,1.9495858116411484,0
0.04510653710688682,2.02767166924441,84,32.773809523809526,55.66712925331301,0.434408661990006,0.21915045087802562,4.139043916434613,0
0.0,0.0,0,0.0,0.17907523001924353,0.920232780790107,0.8425696035990153,1.4170072404695964,0
0.0007808516063233044,1.7192523997075364,2,0.0,20.075935579772878,0.7743464256159618,0.5807783018867925,24.93757594606366,0
0.002900390625,1.702428365935896,4,0.0,148.20014945873737,0.9671482506619888,0.94602294921875,12.907766663098581,0
0.00288330078125,1.704497752642116,4,0.0,89.39966418235167,0.9530098432906509,0.92942626953125,12.946919889498714,0
0.003134765625,1.8909420785281876,4,0.25,46.68587778627885,0.8613900453883819,0.7693896484375,13.002386739730175,0
0.0028130671506352086,2.122158664472794,5,7.8,12.370605144312194,0.4013334153771538,0.20934664246823956,3.2739003607777164,0
0.0030126953125,1.672059039042952,4,0.0,64.6450157240299,0.849604687986916,0.75099853515625,12.873577308658763,0
0.0,0.0,0,0.0,0.16913511388533725,0.9282101590767539,0.856664218347491,1.8997074029274583,0
0.007962275819418677,0.9315290784322501,4,17.375,48.257794979717445,0.24703336054582065,0.19546227581941866,12.308995839845501,0
0.0,0.0,0,0.0,0.16721215150908159,0.9291884368220769,0.8595862607338017,2.2852575909615696,0
0.0,2.1406308449649893,0,0.0,3.163129958343152,0.7354237216627585,0.47372881355932206,5.233694151997778,0
0.0,2.1132602131538643,0,0.0,1.6460885434294492,0.6862485204331379,0.3816481370192308,2.084415504549665,0
0.03853373305244963,1.777013933138554,73,35.25342465753425,128.072280095097,0.4758027613487071,0.2512018581537298,8.613120639038726,0
0.0,0.0,0,0.0,0.16916753459084155,0.9244928405963706,0.8535581140350877,1.5666199368480636,0
0.0,2.2115416187544223,0,0.0,0.28857048258832585,0.8801403264504544,0.7145768633540373,1.0725850114540203,0
0.00281494140625,1.9999999999999991,4,0.0,29.072702470116987,0.724758886439695,0.53303955078125,13.261323077190545,0
0.0,0.0,0,0.0,0.16727199542331322,0.9252429616365235,0.8541305046608807,1.5417628124298441,0
0.0,1.7730311099128144,0,0.0,1.3227637914749937,0.7329713689453463,0.46397941680960547,3.8555996450751895,0
0.0023853615520282186,2.040018197438477,3,0.0,27.661261115777105,0.5944455377115652,0.3299294532627866,13.769006964673009,0
0.0,-0.0,0,0.0,1.3851830756231576,0.7241168222119685,0.4405495634309194,2.3605661990776174,0
0.0,0.0,0,0.0,0.44749012846903324,0.8495981619836998,0.692088872259882,2.080961783856662,0
0.00300048828125,1.6165217823878515,4,0.0,66.73965859082526,0.9712037131569219,0.95365966796875,12.776400833459892,0
0.0,2.111219032198538,0,0.0,0.6831499206255053,0.8352416201439983,0.6785784554845057,3.6139877524400097,0
0.0028369140625,1.7549221819072478,4,0.0,85.36840011907748,0.9179770282101278,0.8710546875,13.036949419384717,0
0.00292236328125,1.7494195021047663,4,0.0,61.387403517847986,0.9154604573562356,0.86733642578125,13.006639581125308,0
0.0007799671592775041,0.5528017072261838,1,4.0,18.29590778513431,0.2990048406455663,0.1787766830870279,1.427644161682264,0
0.0,2.1121629986709483,0,0.0,1.3114818641441943,0.7197208462189939,0.4720763305322129,3.57205902237656,0
0.00282958984375,1.7693982275367437,4,0.0,128.55890371269686,0.9348737125866117,0.8959130859375,13.007040513545983,0
0.0,0.0,0,0.0,0.3067974532404131,0.886907493790682,0.7407852564102564,1.6844985217892903,0
0.00284912109375,1.7533652543268154,4,0.0,101.92236314472589,0.9693907526026213,0.9519970703125,12.972621978810597,0
